source_id,target_id,rel_type
0JBeWf23HFRgZonzIpxJgI,0JBeWf23HFRgZonzIpxJgG,AGGREGATES
0JBeWf23HFRgZonzIpxJgG,0JBeWf23HFRgZonzIpxJgJ,AGGREGATES
0JBeWf23HFRgZonzHC5mk3,2sG0Vcmgb1Uverjtj49YU1,AGGREGATES
0JBeWf23HFRgZonzHC5mk3,3T2n8kPiTBtA2RCLGKoqPy,AGGREGATES
0JBeWf23HFRgZonzHC5mk3,3T2n8kPiTBtA2RCLGKoqPx,AGGREGATES
0JBeWf23HFRgZonzHC5mk3,3T2n8kPiTBtA2RCLGKoqPs,AGGREGATES
0JBeWf23HFRgZonzHC5mk3,3T2n8kPiTBtA2RCLGKorWP,AGGREGATES
0JBeWf23HFRgZonzHC5mk3,3GzoWuxxn4WO8bCtw8H2nu,AGGREGATES
0JBeWf23HFRgZonzHC5mk3,3GzoWuxxn4WO8bCtw8H2m5,AGGREGATES
0JBeWf23HFRgZonzHC5mk3,2v8sGyGFXDsRc80mj95iac,AGGREGATES
0JBeWf23HFRgZonzIpxJgJ,0JBeWf23HFRgZonzHC5mYt,AGGREGATES
0JBeWf23HFRgZonzIpxJgJ,0JBeWf23HFRgZonzHC4iHL,AGGREGATES
0JBeWf23HFRgZonzIpxJgJ,0JBeWf23HFRgZonzHC5mk3,AGGREGATES
0JBeWf23HFRgZonzIpxJgJ,0JBeWf23HFRgZonzHC4iVK,AGGREGATES
0JBeWf23HFRgZonzIpxJgJ,0JBeWf23HFRgZonzHC5mgM,AGGREGATES
0JBeWf23HFRgZonzIpxJgJ,0JBeWf23HFRgZonzHC5nK0,AGGREGATES
0JBeWf23HFRgZonzIpxJgJ,0JBeWf23HFRgZonzHC5nNU,AGGREGATES
0JBeWf23HFRgZonzIpxJgJ,0JBeWf23HFRgZonzHC5nHq,AGGREGATES
0JBeWf23HFRgZonzIpxJgJ,0JBeWf23HFRgZonzHC5nGM,AGGREGATES
0JBeWf23HFRgZonzIpxJgJ,0JBeWf23HFRgZonzHC7iqs,AGGREGATES
0JBeWf23HFRgZonzHC5mk3,3GzoWuxxn4WO8bCtw8H3Vj,CONTAINS
0JBeWf23HFRgZonzHC5mYt,3GdhC2lQD5ifjmLdQ3yoTZ,CONTAINS
0JBeWf23HFRgZonzHC5mYt,1cFRppLhj948bTrzz_ApSU,CONTAINS
0JBeWf23HFRgZonzHC5mYt,1cFRppLhj948bTrzz_ApJS,CONTAINS
0JBeWf23HFRgZonzHC5mYt,0ducQKkW5EGQM9rQ5zdMAQ,CONTAINS
0JBeWf23HFRgZonzHC5mYt,0ducQKkW5EGQM9rQ5zdM4W,CONTAINS
0JBeWf23HFRgZonzHC5mYt,0ducQKkW5EGQM9rQ5zdPfL,CONTAINS
0JBeWf23HFRgZonzHC4iHL,2BLn4xX2vF_gM9G5wfbP4L,CONTAINS
0JBeWf23HFRgZonzHC4iHL,2BLn4xX2vF_gM9G5wfbObm,CONTAINS
0JBeWf23HFRgZonzHC4iHL,0cRoQU_sD5R8MkkMkeodzx,CONTAINS
0JBeWf23HFRgZonzHC4iHL,0cRoQU_sD5R8MkkMkeodyq,CONTAINS
0JBeWf23HFRgZonzHC4iHL,0cRoQU_sD5R8MkkMkeodxk,CONTAINS
0JBeWf23HFRgZonzHC4iHL,0cRoQU_sD5R8MkkMkeodwY,CONTAINS
0JBeWf23HFRgZonzHC4iHL,0cRoQU_sD5R8MkkMkeoduF,CONTAINS
0JBeWf23HFRgZonzHC4iHL,0cRoQU_sD5R8MkkMkeod7v,CONTAINS
0JBeWf23HFRgZonzHC4iHL,0cRoQU_sD5R8MkkMkeod7U,CONTAINS
0JBeWf23HFRgZonzHC4iHL,0cRoQU_sD5R8MkkMkeod5q,CONTAINS
0JBeWf23HFRgZonzHC4iHL,0cRoQU_sD5R8MkkMkeod5P,CONTAINS
0JBeWf23HFRgZonzHC4iHL,0cRoQU_sD5R8MkkMkeod4L,CONTAINS
0JBeWf23HFRgZonzHC4iHL,0cRoQU_sD5R8MkkMkeod2W,CONTAINS
0JBeWf23HFRgZonzHC4iHL,0cRoQU_sD5R8MkkMkeod2T,CONTAINS
0JBeWf23HFRgZonzHC4iHL,0cRoQU_sD5R8MkkMkeod1I,CONTAINS
0JBeWf23HFRgZonzHC4iHL,0cRoQU_sD5R8MkkMkeod06,CONTAINS
0JBeWf23HFRgZonzHC4iHL,0cRoQU_sD5R8MkkMkeodFw,CONTAINS
0JBeWf23HFRgZonzHC4iHL,0cRoQU_sD5R8MkkMkeodFT,CONTAINS
0JBeWf23HFRgZonzHC4iHL,0cRoQU_sD5R8MkkMkeodCe,CONTAINS
0JBeWf23HFRgZonzHC4iHL,0cRoQU_sD5R8MkkMkeod8d,CONTAINS
0JBeWf23HFRgZonzHC4iHL,0cRoQU_sD5R8MkkMkeodNN,CONTAINS
0JBeWf23HFRgZonzHC4iHL,0cRoQU_sD5R8MkkMkeodM9,CONTAINS
0JBeWf23HFRgZonzHC4iHL,0cRoQU_sD5R8MkkMkeodLp,CONTAINS
0JBeWf23HFRgZonzHC4iHL,0cRoQU_sD5R8MkkMkeodKz,CONTAINS
0JBeWf23HFRgZonzHC4iHL,0cRoQU_sD5R8MkkMkeodJz,CONTAINS
0JBeWf23HFRgZonzHC4iHL,0cRoQU_sD5R8MkkMkeodIb,CONTAINS
0JBeWf23HFRgZonzHC4iHL,0cRoQU_sD5R8MkkMkeodIA,CONTAINS
0JBeWf23HFRgZonzHC4iHL,0cRoQU_sD5R8MkkMkeodGm,CONTAINS
0JBeWf23HFRgZonzHC4iHL,0cRoQU_sD5R8MkkMkeodGL,CONTAINS
0JBeWf23HFRgZonzHC4iHL,0cRoQU_sD5R8MkkMkeodVk,CONTAINS
0JBeWf23HFRgZonzHC4iHL,0cRoQU_sD5R8MkkMkeodVM,CONTAINS
0JBeWf23HFRgZonzHC4iHL,0cRoQU_sD5R8MkkMkeodUY,CONTAINS
0JBeWf23HFRgZonzHC4iHL,0cRoQU_sD5R8MkkMkeodUx,CONTAINS
0JBeWf23HFRgZonzHC4iHL,0cRoQU_sD5R8MkkMkeodUV,CONTAINS
0JBeWf23HFRgZonzHC4iHL,0cRoQU_sD5R8MkkMkeodTg,CONTAINS
0JBeWf23HFRgZonzHC4iHL,0cRoQU_sD5R8MkkMkeodT3,CONTAINS
0JBeWf23HFRgZonzHC4iHL,0cRoQU_sD5R8MkkMkeodS1,CONTAINS
0JBeWf23HFRgZonzHC4iHL,0cRoQU_sD5R8MkkMkeodOr,CONTAINS
0JBeWf23HFRgZonzHC4iHL,0cRoQU_sD5R8MkkMkeoWdX,CONTAINS
0JBeWf23HFRgZonzHC4iHL,0cRoQU_sD5R8MkkMkeoWcq,CONTAINS
0JBeWf23HFRgZonzHC4iHL,0cRoQU_sD5R8MkkMkeoWcS,CONTAINS
0JBeWf23HFRgZonzHC4iHL,0cRoQU_sD5R8MkkMkeoWbM,CONTAINS
0JBeWf23HFRgZonzHC4iHL,1k8pVOGqX51f_yJjFvAcBx,CONTAINS
0JBeWf23HFRgZonzHC4iHL,1k8pVOGqX51f_yJjFvAc8g,CONTAINS
0JBeWf23HFRgZonzHC4iHL,1k8pVOGqX51f_yJjFvAc9J,CONTAINS
0JBeWf23HFRgZonzHC4iHL,1k8pVOGqX51f_yJjFvAc65,CONTAINS
0JBeWf23HFRgZonzHC4iHL,1k8pVOGqX51f_yJjFvAc4P,CONTAINS
0JBeWf23HFRgZonzHC4iHL,1k8pVOGqX51f_yJjFvAc54,CONTAINS
0JBeWf23HFRgZonzHC4iHL,1k8pVOGqX51f_yJjFvAc5u,CONTAINS
0JBeWf23HFRgZonzHC4iHL,1k8pVOGqX51f_yJjFvAc3i,CONTAINS
0JBeWf23HFRgZonzHC4iHL,1k8pVOGqX51f_yJjFvAc0s,CONTAINS
0JBeWf23HFRgZonzHC4iHL,1k8pVOGqX51f_yJjFvAc1t,CONTAINS
0JBeWf23HFRgZonzHC4iHL,1k8pVOGqX51f_yJjFvAcUe,CONTAINS
0JBeWf23HFRgZonzHC4iHL,1k8pVOGqX51f_yJjFvAcVO,CONTAINS
0JBeWf23HFRgZonzHC4iHL,1k8pVOGqX51f_yJjFvAcVr,CONTAINS
0JBeWf23HFRgZonzHC4iHL,1k8pVOGqX51f_yJjFvAcS4,CONTAINS
0JBeWf23HFRgZonzHC4iHL,1k8pVOGqX51f_yJjFvAcSa,CONTAINS
0JBeWf23HFRgZonzHC4iHL,1k8pVOGqX51f_yJjFvAcT5,CONTAINS
0JBeWf23HFRgZonzHC4iHL,1k8pVOGqX51f_yJjFvAcTR,CONTAINS
0JBeWf23HFRgZonzHC4iHL,1k8pVOGqX51f_yJjFvAcRD,CONTAINS
0JBeWf23HFRgZonzHC4iHL,1k8pVOGqX51f_yJjFvAcRl,CONTAINS
0JBeWf23HFRgZonzHC4iHL,1k8pVOGqX51f_yJjFvAcO4,CONTAINS
0JBeWf23HFRgZonzHC4iHL,1k8pVOGqX51f_yJjFvAcOc,CONTAINS
0JBeWf23HFRgZonzHC4iHL,1k8pVOGqX51f_yJjFvAcPJ,CONTAINS
0JBeWf23HFRgZonzHC4iHL,1k8pVOGqX51f_yJjFvAcPr,CONTAINS
0JBeWf23HFRgZonzHC4iHL,1k8pVOGqX51f_yJjFvAcNa,CONTAINS
0JBeWf23HFRgZonzHC4iHL,1k8pVOGqX51f_yJjFvAcLC,CONTAINS
0JBeWf23HFRgZonzHC4iHL,1k8pVOGqX51f_yJjFvAcGC,CONTAINS
0JBeWf23HFRgZonzHC4iHL,1k8pVOGqX51f_yJjFvAckQ,CONTAINS
0JBeWf23HFRgZonzHC4iHL,1k8pVOGqX51f_yJjFvAclL,CONTAINS
0JBeWf23HFRgZonzHC4iHL,1k8pVOGqX51f_yJjFvAci9,CONTAINS
0JBeWf23HFRgZonzHC4iHL,1k8pVOGqX51f_yJjFvAcjU,CONTAINS
0JBeWf23HFRgZonzHC4iHL,1k8pVOGqX51f_yJjFvAcjy,CONTAINS
0JBeWf23HFRgZonzHC4iHL,1k8pVOGqX51f_yJjFvAcgM,CONTAINS
0JBeWf23HFRgZonzHC4iHL,1k8pVOGqX51f_yJjFvAch0,CONTAINS
0JBeWf23HFRgZonzHC4iHL,1k8pVOGqX51f_yJjFvAchc,CONTAINS
0JBeWf23HFRgZonzHC4iHL,1k8pVOGqX51f_yJjFvAce7,CONTAINS
0JBeWf23HFRgZonzHC4iHL,1k8pVOGqX51f_yJjFvAcev,CONTAINS
0JBeWf23HFRgZonzHC4iHL,1k8pVOGqX51f_yJjFvAcff,CONTAINS
0JBeWf23HFRgZonzHC4iHL,1k8pVOGqX51f_yJjFvAcc0,CONTAINS
0JBeWf23HFRgZonzHC4iHL,1k8pVOGqX51f_yJjFvAcdu,CONTAINS
0JBeWf23HFRgZonzHC4iHL,1k8pVOGqX51f_yJjFvAcab,CONTAINS
0JBeWf23HFRgZonzHC4iHL,1k8pVOGqX51f_yJjFvAcbd,CONTAINS
0JBeWf23HFRgZonzHC4iHL,1k8pVOGqX51f_yJjFvAcZJ,CONTAINS
0JBeWf23HFRgZonzHC4iHL,1k8pVOGqX51f_yJjFvAcZg,CONTAINS
0JBeWf23HFRgZonzHC4iHL,1k8pVOGqX51f_yJjFvAcX0,CONTAINS
0JBeWf23HFRgZonzHC4iHL,1k8pVOGqX51f_yJjFvAcXu,CONTAINS
0JBeWf23HFRgZonzHC4iHL,1k8pVOGqX51f_yJjFvAc_Q,CONTAINS
0JBeWf23HFRgZonzHC4iHL,1k8pVOGqX51f_yJjFvAc$r,CONTAINS
0JBeWf23HFRgZonzHC4iHL,1k8pVOGqX51f_yJjFvAcyV,CONTAINS
0JBeWf23HFRgZonzHC4iHL,1k8pVOGqX51f_yJjFvAczG,CONTAINS
0JBeWf23HFRgZonzHC4iHL,1k8pVOGqX51f_yJjFvAcwv,CONTAINS
0JBeWf23HFRgZonzHC4iHL,1k8pVOGqX51f_yJjFvAcxH,CONTAINS
0JBeWf23HFRgZonzHC4iHL,1k8pVOGqX51f_yJjFvAcxy,CONTAINS
0JBeWf23HFRgZonzHC4iHL,1k8pVOGqX51f_yJjFvAcuQ,CONTAINS
0JBeWf23HFRgZonzHC4iHL,1k8pVOGqX51f_yJjFvAcv6,CONTAINS
0JBeWf23HFRgZonzHC4iHL,1k8pVOGqX51f_yJjFvAcvS,CONTAINS
0JBeWf23HFRgZonzHC4iHL,1k8pVOGqX51f_yJjFvAcsf,CONTAINS
0JBeWf23HFRgZonzHC4iHL,1k8pVOGqX51f_yJjFvActC,CONTAINS
0JBeWf23HFRgZonzHC4iHL,1k8pVOGqX51f_yJjFvActY,CONTAINS
0JBeWf23HFRgZonzHC4iHL,1k8pVOGqX51f_yJjFvAcqU,CONTAINS
0JBeWf23HFRgZonzHC4iHL,1k8pVOGqX51f_yJjFvAcqu,CONTAINS
0JBeWf23HFRgZonzHC4iHL,1k8pVOGqX51f_yJjFvAcrl,CONTAINS
0JBeWf23HFRgZonzHC4iHL,114bk7BJ1AQATn9feajBrC,CONTAINS
0JBeWf23HFRgZonzHC4iHL,114bk7BJ1AQATn9feajBs3,CONTAINS
0JBeWf23HFRgZonzHC4iHL,114bk7BJ1AQATn9feajBst,CONTAINS
0JBeWf23HFRgZonzHC4iHL,114bk7BJ1AQATn9feajA8O,CONTAINS
0JBeWf23HFRgZonzHC4iHL,114bk7BJ1AQATn9feajA9X,CONTAINS
0JBeWf23HFRgZonzHC4iHL,114bk7BJ1AQATn9feajAAY,CONTAINS
0JBeWf23HFRgZonzHC4iHL,114bk7BJ1AQATn9feajABR,CONTAINS
0JBeWf23HFRgZonzHC4iHL,114bk7BJ1AQATn9feajACD,CONTAINS
0JBeWf23HFRgZonzHC4iHL,0SYs3s__10NgRHjGtRj2g3,CONTAINS
0JBeWf23HFRgZonzHC4iHL,0SYs3s__10NgRHjGtRj2gk,CONTAINS
0JBeWf23HFRgZonzHC4iHL,0SYs3s__10NgRHjGtRj2gr,CONTAINS
0JBeWf23HFRgZonzHC4iHL,0SYs3s__10NgRHjGtRj2fJ,CONTAINS
0JBeWf23HFRgZonzHC4iHL,0SYs3s__10NgRHjGtRj2eO,CONTAINS
0JBeWf23HFRgZonzHC4iHL,0SYs3s__10NgRHjGtRj2ei,CONTAINS
0JBeWf23HFRgZonzHC4iHL,0SYs3s__10NgRHjGtRj2ez,CONTAINS
0JBeWf23HFRgZonzHC4iHL,0SYs3s__10NgRHjGtRj2d7,CONTAINS
0JBeWf23HFRgZonzHC4iHL,0SYs3s__10NgRHjGtRj2cf,CONTAINS
0JBeWf23HFRgZonzHC4iHL,0SYs3s__10NgRHjGtRj2cm,CONTAINS
0JBeWf23HFRgZonzHC4iHL,0SYs3s__10NgRHjGtRj2b4,CONTAINS
0JBeWf23HFRgZonzHC4iHL,0SYs3s__10NgRHjGtRj2bX,CONTAINS
0JBeWf23HFRgZonzHC4iHL,0SYs3s__10NgRHjGtRj2aH,CONTAINS
0JBeWf23HFRgZonzHC4iHL,0SYs3s__10NgRHjGtRj2ax,CONTAINS
0JBeWf23HFRgZonzHC4iHL,0SYs3s__10NgRHjGtRj2ZO,CONTAINS
0JBeWf23HFRgZonzHC4iHL,0SYs3s__10NgRHjGtRj2ZW,CONTAINS
0JBeWf23HFRgZonzHC4iHL,0o1QfH3m18FQ$FuQf8VgjP,CONTAINS
0JBeWf23HFRgZonzHC4iHL,0o1QfH3m18FQ$FuQf8VgiA,CONTAINS
0JBeWf23HFRgZonzHC4iHL,0o1QfH3m18FQ$FuQf8Vgg3,CONTAINS
0JBeWf23HFRgZonzHC4iHL,0o1QfH3m18FQ$FuQf8VgfX,CONTAINS
0JBeWf23HFRgZonzHC4iHL,0o1QfH3m18FQ$FuQf8VgeR,CONTAINS
0JBeWf23HFRgZonzHC4iHL,1NL4ZXkFP2thNiMT9sECsi,CONTAINS
0JBeWf23HFRgZonzHC4iHL,2V6UQJFc92sfDYeuDKgYAW,CONTAINS
0JBeWf23HFRgZonzHC4iHL,2V6UQJFc92sfDYeuDKgYBU,CONTAINS
0JBeWf23HFRgZonzHC4iHL,2V6UQJFc92sfDYeuDKgYFi,CONTAINS
0JBeWf23HFRgZonzHC4iHL,0qPq0uZ5vABQlKT8FAVXQn,CONTAINS
0JBeWf23HFRgZonzHC4iHL,31F6eMknj99vYl9fb0Qb7F,CONTAINS
0JBeWf23HFRgZonzHC5mk3,0MgESf4zL2juYwctbhVsxF,CONTAINS
0JBeWf23HFRgZonzHC5mk3,0MgESf4zL2juYwctbhVsl5,CONTAINS
0JBeWf23HFRgZonzHC4iHL,0MOEoDTm9EnO9yKsXjjie3,CONTAINS
0JBeWf23HFRgZonzHC4iHL,0MOEoDTm9EnO9yKsXjjiky,CONTAINS
0JBeWf23HFRgZonzHC5mk3,0MOEoDTm9EnO9yKsXjjlOO,CONTAINS
0JBeWf23HFRgZonzHC5mk3,0MOEoDTm9EnO9yKsXjjl4H,CONTAINS
0JBeWf23HFRgZonzHC5mk3,0MOEoDTm9EnO9yKsXjjlBg,CONTAINS
0JBeWf23HFRgZonzHC5mYt,0MOEoDTm9EnO9yKsXjjlkV,CONTAINS
0JBeWf23HFRgZonzHC5mYt,0MOEoDTm9EnO9yKsXjjlj9,CONTAINS
0JBeWf23HFRgZonzHC5mk3,0MOEoDTm9EnO9yKsXjjkNr,CONTAINS
0JBeWf23HFRgZonzHC5mk3,0MOEoDTm9EnO9yKsXjjkL6,CONTAINS
0JBeWf23HFRgZonzHC5mk3,0MOEoDTm9EnO9yKsXjjkUX,CONTAINS
0JBeWf23HFRgZonzHC5mk3,0MOEoDTm9EnO9yKsXjjkTj,CONTAINS
0JBeWf23HFRgZonzHC5mk3,0MOEoDTm9EnO9yKsXjjk39,CONTAINS
0JBeWf23HFRgZonzHC5mk3,0MOEoDTm9EnO9yKsXjjk26,CONTAINS
0JBeWf23HFRgZonzHC5mk3,0MOEoDTm9EnO9yKsXjjk5B,CONTAINS
0JBeWf23HFRgZonzHC5mk3,2sG0Vcmgb1Uverjtj49YfG,CONTAINS
0JBeWf23HFRgZonzHC5mk3,2sG0Vcmgb1Uverjtj49YsP,CONTAINS
0JBeWf23HFRgZonzHC5mk3,2sG0Vcmgb1Uverjtj49YtX,CONTAINS
0JBeWf23HFRgZonzHC5mk3,2sG0Vcmgb1Uverjtj49zLG,CONTAINS
0JBeWf23HFRgZonzHC5mk3,2sG0Vcmgb1Uverjtj49zPp,CONTAINS
0JBeWf23HFRgZonzHC5mk3,2sG0Vcmgb1Uverjtj49zPS,CONTAINS
0JBeWf23HFRgZonzHC5mk3,2sG0Vcmgb1Uverjtj49zSM,CONTAINS
0JBeWf23HFRgZonzHC5mk3,2sG0Vcmgb1Uverjtj49za9,CONTAINS
0JBeWf23HFRgZonzHC5mk3,2sG0Vcmgb1Uverjtj49zb3,CONTAINS
0JBeWf23HFRgZonzHC5mk3,3DRhHSTRP15ukUYu1G74Jn,CONTAINS
0JBeWf23HFRgZonzHC5mk3,0Zs4aBjAr5AggJ3MVmSHkB,CONTAINS
0JBeWf23HFRgZonzHC5mk3,0Zs4aBjAr5AggJ3MVmSIHS,CONTAINS
0JBeWf23HFRgZonzHC5mk3,0Zs4aBjAr5AggJ3MVmSIRv,CONTAINS
0JBeWf23HFRgZonzHC5mk3,0Zs4aBjAr5AggJ3MVmSI9v,CONTAINS
0JBeWf23HFRgZonzHC5mk3,0Zs4aBjAr5AggJ3MVmSIAn,CONTAINS
0JBeWf23HFRgZonzHC5mk3,0Zs4aBjAr5AggJ3MVmSImG,CONTAINS
0JBeWf23HFRgZonzHC5mk3,0Zs4aBjAr5AggJ3MVmSIn8,CONTAINS
0JBeWf23HFRgZonzHC5mk3,0Zs4aBjAr5AggJ3MVmSIoU,CONTAINS
0JBeWf23HFRgZonzHC5mk3,02b4vxvtD5HBo2EeUI63Px,CONTAINS
0JBeWf23HFRgZonzHC5mk3,28WUkjJ1r5wPzZDX9W1jKw,CONTAINS
0JBeWf23HFRgZonzHC5mk3,28WUkjJ1r5wPzZDX9W1jI_,CONTAINS
0JBeWf23HFRgZonzHC5mk3,28WUkjJ1r5wPzZDX9W1jxA,CONTAINS
0JBeWf23HFRgZonzHC5mk3,28WUkjJ1r5wPzZDX9W1iEk,CONTAINS
0JBeWf23HFRgZonzHC5mYt,1KGNuJkf5FjQZDFQ6We96A,CONTAINS
0JBeWf23HFRgZonzHC5mk3,1KGNuJkf5FjQZDFQ6WeExu,CONTAINS
0JBeWf23HFRgZonzHC5mk3,1KGNuJkf5FjQZDFQ6WeElF,CONTAINS
0JBeWf23HFRgZonzHC5mk3,1KGNuJkf5FjQZDFQ6WeFjc,CONTAINS
0JBeWf23HFRgZonzHC5mk3,1KGNuJkf5FjQZDFQ6WeFl3,CONTAINS
0JBeWf23HFRgZonzHC5mk3,0X2$ayW0v5dBNxK3e4nwvt,CONTAINS
0JBeWf23HFRgZonzHC5mk3,0X2$ayW0v5dBNxK3e4nwfs,CONTAINS
0JBeWf23HFRgZonzHC5mk3,11MreptMzBDAizZWBG8n15,CONTAINS
0JBeWf23HFRgZonzHC5mk3,11MreptMzBDAizZWBG8n$m,CONTAINS
0JBeWf23HFRgZonzHC5mk3,11MreptMzBDAizZWBG8nzD,CONTAINS
0JBeWf23HFRgZonzHC5mk3,11MreptMzBDAizZWBG8nhd,CONTAINS
0JBeWf23HFRgZonzHC5mYt,3GzoWuxxn4WO8bCtw8H3AT,CONTAINS
0JBeWf23HFRgZonzHC5mYt,3GzoWuxxn4WO8bCtw8H3AS,CONTAINS
0JBeWf23HFRgZonzHC5mk3,3GzoWuxxn4WO8bCtw8H3ES,CONTAINS
0JBeWf23HFRgZonzHC5mk3,3GzoWuxxn4WO8bCtw8H3D2,CONTAINS
0JBeWf23HFRgZonzHC5mYt,3GzoWuxxn4WO8bCtw8H3I4,CONTAINS
0JBeWf23HFRgZonzHC5mk3,3GzoWuxxn4WO8bCtw8H3Hn,CONTAINS
0JBeWf23HFRgZonzHC5mk3,3GzoWuxxn4WO8bCtw8H3Hm,CONTAINS
0JBeWf23HFRgZonzHC5mk3,3GzoWuxxn4WO8bCtw8H3Hp,CONTAINS
0JBeWf23HFRgZonzHC5mk3,3GzoWuxxn4WO8bCtw8H3Gd,CONTAINS
0JBeWf23HFRgZonzHC5mk3,3GzoWuxxn4WO8bCtw8H3Gq,CONTAINS
0JBeWf23HFRgZonzHC5mk3,3GzoWuxxn4WO8bCtw8H3Gv,CONTAINS
0JBeWf23HFRgZonzHC5mk3,3GzoWuxxn4WO8bCtw8H3N2,CONTAINS
0JBeWf23HFRgZonzHC5mk3,3GzoWuxxn4WO8bCtw8H3Q3,CONTAINS
0JBeWf23HFRgZonzHC5mk3,3GzoWuxxn4WO8bCtw8H3XD,CONTAINS
0JBeWf23HFRgZonzHC5mk3,3GzoWuxxn4WO8bCtw8H3fu,CONTAINS
0JBeWf23HFRgZonzHC5mk3,2m6FhmO0r2OgRBRP7hD2Hh,CONTAINS
0JBeWf23HFRgZonzHC5mk3,2m6FhmO0r2OgRBRP7hD4wq,CONTAINS
0JBeWf23HFRgZonzHC5mk3,2m6FhmO0r2OgRBRP7hD4vi,CONTAINS
0JBeWf23HFRgZonzHC5mk3,2m6FhmO0r2OgRBRP7hD47b,CONTAINS
0JBeWf23HFRgZonzHC5mk3,2m6FhmO0r2OgRBRP7hD41n,CONTAINS
0JBeWf23HFRgZonzHC5mk3,2m6FhmO0r2OgRBRP7hD4D3,CONTAINS
0JBeWf23HFRgZonzHC5mk3,2m6FhmO0r2OgRBRP7hD4GE,CONTAINS
0JBeWf23HFRgZonzHC5mYt,3naw$9in55$v8L5CpxnK31,CONTAINS
0JBeWf23HFRgZonzHC5mYt,3naw$9in55$v8L5CpxnK36,CONTAINS
0JBeWf23HFRgZonzHC5mk3,3naw$9in55$v8L5CpxnK7f,CONTAINS
0JBeWf23HFRgZonzHC5mk3,3naw$9in55$v8L5CpxnK9t,CONTAINS
0JBeWf23HFRgZonzHC5mYt,3naw$9in55$v8L5CpxnKAh,CONTAINS
0JBeWf23HFRgZonzHC5mYt,2v8sGyGFXDsRc80mj95kV8,CONTAINS
0JBeWf23HFRgZonzHC5mk3,2v8sGyGFXDsRc80mj95kax,CONTAINS
0JBeWf23HFRgZonzHC5mk3,2v8sGyGFXDsRc80mj95kjH,CONTAINS
0JBeWf23HFRgZonzHC5mk3,2v8sGyGFXDsRc80mj95klY,CONTAINS
0JBeWf23HFRgZonzHC5mk3,2v8sGyGFXDsRc80mj95kzZ,CONTAINS
0JBeWf23HFRgZonzHC5mk3,2v8sGyGFXDsRc80mj95k$a,CONTAINS
0JBeWf23HFRgZonzHC5mk3,2v8sGyGFXDsRc80mj95l2Z,CONTAINS
0JBeWf23HFRgZonzHC5mk3,2v8sGyGFXDsRc80mj95l9U,CONTAINS
0JBeWf23HFRgZonzHC5mk3,2v8sGyGFXDsRc80mj95lnq,CONTAINS
0JBeWf23HFRgZonzHC5mk3,2v8sGyGFXDsRc80mj95luL,CONTAINS
0JBeWf23HFRgZonzHC5mk3,2v8sGyGFXDsRc80mj95lyz,CONTAINS
0JBeWf23HFRgZonzHC5mk3,2v8sGyGFXDsRc80mj95i4v,CONTAINS
0JBeWf23HFRgZonzHC5mk3,2v8sGyGFXDsRc80mj95i9$,CONTAINS
0JBeWf23HFRgZonzHC5mk3,2v8sGyGFXDsRc80mj95iGA,CONTAINS
0JBeWf23HFRgZonzHC5mk3,3Icxn5iZD46RLnvfRjDRUz,CONTAINS
0JBeWf23HFRgZonzHC5mk3,3Icxn5iZD46RLnvfRjDRU9,CONTAINS
0JBeWf23HFRgZonzHC5mYt,3p6DR19bjD_PWb8lZMRTT8,CONTAINS
0JBeWf23HFRgZonzHC5mYt,3p6DR19bjD_PWb8lZMRTOE,CONTAINS
0JBeWf23HFRgZonzHC5mYt,3p6DR19bjD_PWb8lZMRTPc,CONTAINS
0JBeWf23HFRgZonzHC5mYt,3p6DR19bjD_PWb8lZMRTML,CONTAINS
0JBeWf23HFRgZonzHC4iHL,3p6DR19bjD_PWb8lZMRTI1,CONTAINS
0JBeWf23HFRgZonzHC4iHL,3p6DR19bjD_PWb8lZMRThy,CONTAINS
0JBeWf23HFRgZonzHC4iHL,3p6DR19bjD_PWb8lZMRTs5,CONTAINS
0JBeWf23HFRgZonzHC4iHL,0Pw4h9cu11p8EzOFUdpSRt,CONTAINS
0JBeWf23HFRgZonzHC4iHL,0Pw4h9cu11p8EzOFUdpSqt,CONTAINS
0JBeWf23HFRgZonzHC4iHL,0xKelnDbLBsf$3TAffmUEN,CONTAINS
0JBeWf23HFRgZonzHC5mk3,1KMtYLyv9CyfGv8UjnMBSF,CONTAINS
0JBeWf23HFRgZonzHC5mk3,1KMtYLyv9CyfGv8UjnMBSE,CONTAINS
0JBeWf23HFRgZonzHC5mk3,1KMtYLyv9CyfGv8UjnMBSD,CONTAINS
0JBeWf23HFRgZonzHC5mk3,1KMtYLyv9CyfGv8UjnMBSC,CONTAINS
0JBeWf23HFRgZonzHC5mk3,1KMtYLyv9CyfGv8UjnMBSJ,CONTAINS
0JBeWf23HFRgZonzHC5mk3,1KMtYLyv9CyfGv8UjnMBSI,CONTAINS
0JBeWf23HFRgZonzHC5mk3,1KMtYLyv9CyfGv8UjnMBSH,CONTAINS
0JBeWf23HFRgZonzHC5mk3,1KMtYLyv9CyfGv8UjnMBSG,CONTAINS
0JBeWf23HFRgZonzHC5mYt,1KMtYLyv9CyfGv8UjnMBCI,CONTAINS
0JBeWf23HFRgZonzHC5mYt,1KMtYLyv9CyfGv8UjnMBCH,CONTAINS
0JBeWf23HFRgZonzHC5mYt,1KMtYLyv9CyfGv8UjnMBCG,CONTAINS
0JBeWf23HFRgZonzHC5mYt,1KMtYLyv9CyfGv8UjnMBCN,CONTAINS
0JBeWf23HFRgZonzHC5mYt,1KMtYLyv9CyfGv8UjnMBCM,CONTAINS
0JBeWf23HFRgZonzHC5mYt,1KMtYLyv9CyfGv8UjnMBCL,CONTAINS
0JBeWf23HFRgZonzHC5mYt,1KMtYLyv9CyfGv8UjnMBCK,CONTAINS
0JBeWf23HFRgZonzHC5mYt,1KMtYLyv9CyfGv8UjnMBCR,CONTAINS
0JBeWf23HFRgZonzHC5mYt,1KMtYLyv9CyfGv8UjnM8_h,CONTAINS
0JBeWf23HFRgZonzHC5mYt,1KMtYLyv9CyfGv8UjnM8y$,CONTAINS
0JBeWf23HFRgZonzHC5mYt,3GdhC2lQD5ifjmLdQ3yo2f,CONTAINS
0JBeWf23HFRgZonzHC5mYt,3GdhC2lQD5ifjmLdQ3yo9v,CONTAINS
0JBeWf23HFRgZonzHC5mYt,3GdhC2lQD5ifjmLdQ3yoB_,CONTAINS
0JBeWf23HFRgZonzHC5mYt,3GdhC2lQD5ifjmLdQ3yoT7,CONTAINS
0JBeWf23HFRgZonzHC5mYt,3GdhC2lQD5ifjmLdQ3ype4,CONTAINS
0JBeWf23HFRgZonzHC5mYt,2dAxltRn524vY2d5KNMrWy,CONTAINS
0JBeWf23HFRgZonzHC5mYt,2dAxltRn524vY2d5KNMrzR,CONTAINS
0JBeWf23HFRgZonzHC5mYt,2dAxltRn524vY2d5KNMr$K,CONTAINS
0JBeWf23HFRgZonzHC5mYt,2dAxltRn524vY2d5KNMrvW,CONTAINS
0JBeWf23HFRgZonzHC5mYt,1cFRppLhj948bTrzz_An5M,CONTAINS
0JBeWf23HFRgZonzHC5mYt,1cFRppLhj948bTrzz_An4w,CONTAINS
0JBeWf23HFRgZonzHC5mYt,1cFRppLhj948bTrzz_AoiZ,CONTAINS
0JBeWf23HFRgZonzHC5mYt,1cFRppLhj948bTrzz_AoFF,CONTAINS
0JBeWf23HFRgZonzHC5mYt,1cFRppLhj948bTrzz_Ao2N,CONTAINS
0JBeWf23HFRgZonzHC5mYt,1cFRppLhj948bTrzz_Apug,CONTAINS
0JBeWf23HFRgZonzHC5mYt,1cFRppLhj948bTrzz_Apqc,CONTAINS
0JBeWf23HFRgZonzHC5mYt,1cFRppLhj948bTrzz_ApY4,CONTAINS
0JBeWf23HFRgZonzHC5mYt,1cFRppLhj948bTrzz_ApdW,CONTAINS
0JBeWf23HFRgZonzHC5mYt,1cFRppLhj948bTrzz_Apb_,CONTAINS
0JBeWf23HFRgZonzHC5mYt,1cFRppLhj948bTrzz_ApRW,CONTAINS
0JBeWf23HFRgZonzHC5mYt,1cFRppLhj948bTrzz_ApO1,CONTAINS
0JBeWf23HFRgZonzHC5mYt,1cFRppLhj948bTrzz_ApV0,CONTAINS
0JBeWf23HFRgZonzHC5mYt,1cFRppLhj948bTrzz_ApBx,CONTAINS
0JBeWf23HFRgZonzHC5mYt,1cFRppLhj948bTrzz_ApAd,CONTAINS
0JBeWf23HFRgZonzHC5mYt,0ducQKkW5EGQM9rQ5zdM0J,CONTAINS
0JBeWf23HFRgZonzHC5mYt,0ducQKkW5EGQM9rQ5zdM1i,CONTAINS
0JBeWf23HFRgZonzHC5mYt,0ducQKkW5EGQM9rQ5zdP_b,CONTAINS
0JBeWf23HFRgZonzHC5mYt,0ducQKkW5EGQM9rQ5zdP$n,CONTAINS
0JBeWf23HFRgZonzHC5mYt,0ducQKkW5EGQM9rQ5zdPiu,CONTAINS
0JBeWf23HFRgZonzHC5mYt,0ducQKkW5EGQM9rQ5zdPdI,CONTAINS
0JBeWf23HFRgZonzHC5mYt,0ducQKkW5EGQM9rQ5zdPSm,CONTAINS
0JBeWf23HFRgZonzHC5mYt,0ducQKkW5EGQM9rQ5zdPUw,CONTAINS
0JBeWf23HFRgZonzHC5mYt,0ducQKkW5EGQM9rQ5zdPMt,CONTAINS
0JBeWf23HFRgZonzHC5mYt,0ducQKkW5EGQM9rQ5zdPNY,CONTAINS
0JBeWf23HFRgZonzHC5mYt,0ducQKkW5EGQM9rQ5zdPJh,CONTAINS
0JBeWf23HFRgZonzHC5mYt,0ducQKkW5EGQM9rQ5zdPDs,CONTAINS
0JBeWf23HFRgZonzHC5mYt,0ducQKkW5EGQM9rQ5zdPEJ,CONTAINS
0JBeWf23HFRgZonzHC5mYt,0ducQKkW5EGQM9rQ5zdP9Z,CONTAINS
0JBeWf23HFRgZonzHC5mYt,0ducQKkW5EGQM9rQ5zdP1J,CONTAINS
0JBeWf23HFRgZonzHC5mYt,0ducQKkW5EGQM9rQ5zdOtF,CONTAINS
0JBeWf23HFRgZonzHC4iHL,0ducQKkW5EGQM9rQ5zdOTG,CONTAINS
0JBeWf23HFRgZonzHC4iHL,0ducQKkW5EGQM9rQ5zdOVk,CONTAINS
0JBeWf23HFRgZonzHC4iHL,0ducQKkW5EGQM9rQ5zdOOx,CONTAINS
0JBeWf23HFRgZonzHC4iHL,2BLn4xX2vF_gM9G5wfbUn3,CONTAINS
0JBeWf23HFRgZonzHC4iHL,2BLn4xX2vF_gM9G5wfbU8d,CONTAINS
0JBeWf23HFRgZonzHC4iHL,2BLn4xX2vF_gM9G5wfbUBM,CONTAINS
0JBeWf23HFRgZonzHC4iHL,2BLn4xX2vF_gM9G5wfbU7b,CONTAINS
0JBeWf23HFRgZonzHC4iHL,2BLn4xX2vF_gM9G5wfbU0j,CONTAINS
0JBeWf23HFRgZonzHC4iHL,2BLn4xX2vF_gM9G5wfbPmS,CONTAINS
0JBeWf23HFRgZonzHC4iHL,2BLn4xX2vF_gM9G5wfbPnV,CONTAINS
0JBeWf23HFRgZonzHC4iHL,2BLn4xX2vF_gM9G5wfbPoz,CONTAINS
0JBeWf23HFRgZonzHC4iHL,2BLn4xX2vF_gM9G5wfbPe3,CONTAINS
0JBeWf23HFRgZonzHC4iHL,2BLn4xX2vF_gM9G5wfbPbw,CONTAINS
0JBeWf23HFRgZonzHC4iHL,2BLn4xX2vF_gM9G5wfbPQf,CONTAINS
0JBeWf23HFRgZonzHC4iHL,2BLn4xX2vF_gM9G5wfbPRX,CONTAINS
0JBeWf23HFRgZonzHC4iHL,2BLn4xX2vF_gM9G5wfbPHV,CONTAINS
0JBeWf23HFRgZonzHC4iHL,2BLn4xX2vF_gM9G5wfbP1t,CONTAINS
0JBeWf23HFRgZonzHC4iHL,2BLn4xX2vF_gM9G5wfbOzp,CONTAINS
0JBeWf23HFRgZonzHC4iHL,2BLn4xX2vF_gM9G5wfbOe6,CONTAINS
0JBeWf23HFRgZonzHC5mYt,34Ni6yH0HDjQqrjEsXb0TF,CONTAINS
0JBeWf23HFRgZonzHC5mYt,34Ni6yH0HDjQqrjEsXb0JF,CONTAINS
0JBeWf23HFRgZonzHC5mYt,3U8bdGexDEOw9DXBmULq6a,CONTAINS
0JBeWf23HFRgZonzHC5mYt,3U8bdGexDEOw9DXBmULrCi,CONTAINS
0JBeWf23HFRgZonzHC5mYt,3U8bdGexDEOw9DXBmULrD3,CONTAINS
0JBeWf23HFRgZonzHC5mk3,3U8bdGexDEOw9DXBmULr9k,CONTAINS
0JBeWf23HFRgZonzHC5mk3,3U8bdGexDEOw9DXBmULrIO,CONTAINS
0JBeWf23HFRgZonzHC5mk3,3U8bdGexDEOw9DXBmULrUn,CONTAINS
0JBeWf23HFRgZonzHC5mk3,3U8bdGexDEOw9DXBmULrR9,CONTAINS
0JBeWf23HFRgZonzHC5mYt,1q9pLykVT2tOtz_4XjbvWj,CONTAINS
0JBeWf23HFRgZonzHC5mYt,1q9pLykVT2tOtz_4Xjbv_z,CONTAINS
0JBeWf23HFRgZonzHC5mYt,1q9pLykVT2tOtz_4XjbvqA,CONTAINS
0JBeWf23HFRgZonzHC5mYt,1q9pLykVT2tOtz_4XjbvDJ,CONTAINS
0JBeWf23HFRgZonzHC5mYt,1q9pLykVT2tOtz_4XjbvVT,CONTAINS
0JBeWf23HFRgZonzHC5mYt,1q9pLykVT2tOtz_4XjbueK,CONTAINS
0JBeWf23HFRgZonzHC5mYt,1q9pLykVT2tOtz_4Xjbudy,CONTAINS
0JBeWf23HFRgZonzHC5mYt,1q9pLykVT2tOtz_4Xjbucy,CONTAINS
0JBeWf23HFRgZonzHC5mYt,1q9pLykVT2tOtz_4XjbuaX,CONTAINS
0JBeWf23HFRgZonzHC5mYt,1q9pLykVT2tOtz_4XjbuwS,CONTAINS
0JBeWf23HFRgZonzHC5mYt,1q9pLykVT2tOtz_4XjbuzE,CONTAINS
0JBeWf23HFRgZonzHC5mYt,1q9pLykVT2tOtz_4Xjbupo,CONTAINS
0JBeWf23HFRgZonzHC5mYt,3pFbansyD0KOHFtJHrTu9y,CONTAINS
0JBeWf23HFRgZonzHC5mYt,3pFbansyD0KOHFtJHrTuq$,CONTAINS
0JBeWf23HFRgZonzHC5mYt,3pFbansyD0KOHFtJHrTuoC,CONTAINS
0JBeWf23HFRgZonzHC4iHL,3pFbansyD0KOHFtJHrTuw8,CONTAINS
0JBeWf23HFRgZonzHC4iHL,3pFbansyD0KOHFtJHrTubo,CONTAINS
0JBeWf23HFRgZonzHC4iHL,3pFbansyD0KOHFtJHrTucY,CONTAINS
0JBeWf23HFRgZonzHC4iHL,3pFbansyD0KOHFtJHrTuWx,CONTAINS
0JBeWf23HFRgZonzHC4iHL,3pFbansyD0KOHFtJHrTuXa,CONTAINS
0JBeWf23HFRgZonzHC4iHL,3pFbansyD0KOHFtJHrTuY0,CONTAINS
0JBeWf23HFRgZonzHC4iHL,3pFbansyD0KOHFtJHrTukr,CONTAINS
0JBeWf23HFRgZonzHC4iHL,3pFbansyD0KOHFtJHrTulz,CONTAINS
0JBeWf23HFRgZonzHC4iHL,3pFbansyD0KOHFtJHrTugv,CONTAINS
0JBeWf23HFRgZonzHC4iHL,3pFbansyD0KOHFtJHrTugD,CONTAINS
0JBeWf23HFRgZonzHC4iHL,3pFbansyD0KOHFtJHrTtNs,CONTAINS
0JBeWf23HFRgZonzHC4iHL,3pFbansyD0KOHFtJHrTtNC,CONTAINS
0JBeWf23HFRgZonzHC4iHL,3pFbansyD0KOHFtJHrTtSF,CONTAINS
0JBeWf23HFRgZonzHC4iHL,3pFbansyD0KOHFtJHrTt4i,CONTAINS
0JBeWf23HFRgZonzHC4iHL,3pFbansyD0KOHFtJHrTtwh,CONTAINS
0JBeWf23HFRgZonzHC4iHL,3pFbansyD0KOHFtJHrTtlJ,CONTAINS
0JBeWf23HFRgZonzHC4iHL,3pFbansyD0KOHFtJHrTtfb,CONTAINS
0JBeWf23HFRgZonzHC5mk3,0qKJYWbnv5I8o6vyLfHi8K,CONTAINS
0JBeWf23HFRgZonzHC5mk3,0qKJYWbnv5I8o6vyLfHiAM,CONTAINS
0JBeWf23HFRgZonzHC5mk3,0qKJYWbnv5I8o6vyLfHiAu,CONTAINS
0JBeWf23HFRgZonzHC5mk3,0qKJYWbnv5I8o6vyLfHiO9,CONTAINS
0JBeWf23HFRgZonzHC5mk3,0qKJYWbnv5I8o6vyLfHiZW,CONTAINS
0JBeWf23HFRgZonzHC5mk3,0qKJYWbnv5I8o6vyLfHiut,CONTAINS
0JBeWf23HFRgZonzHC5mk3,0qKJYWbnv5I8o6vyLfHj8w,CONTAINS
0JBeWf23HFRgZonzHC5mk3,0qKJYWbnv5I8o6vyLfHjJv,CONTAINS
0JBeWf23HFRgZonzHC5mk3,0qKJYWbnv5I8o6vyLfHjQF,CONTAINS
0JBeWf23HFRgZonzHC5mk3,0qKJYWbnv5I8o6vyLfHjRu,CONTAINS
0JBeWf23HFRgZonzHC5mk3,0qKJYWbnv5I8o6vyLfHjXL,CONTAINS
0JBeWf23HFRgZonzHC5mk3,0qKJYWbnv5I8o6vyLfHg5$,CONTAINS
0JBeWf23HFRgZonzHC5mk3,0qKJYWbnv5I8o6vyLfHg6D,CONTAINS
0JBeWf23HFRgZonzHC5mk3,0qKJYWbnv5I8o6vyLfHgDX,CONTAINS
0JBeWf23HFRgZonzHC5mk3,0fjrUmmzDB4fngo1stt38O,CONTAINS
0JBeWf23HFRgZonzHC5mk3,0fjrUmmzDB4fngo1stt34i,CONTAINS
0JBeWf23HFRgZonzHC4iHL,0HFJ4FEcn5UhECI1IyBq1W,CONTAINS
0JBeWf23HFRgZonzHC5nGM,3ktY1kg3rAwgNBX_XWRSTN,CONTAINS
0JBeWf23HFRgZonzHC5nGM,3ktY1kg3rAwgNBX_XWRSGL,CONTAINS
0JBeWf23HFRgZonzHC5nGM,3ktY1kg3rAwgNBX_XWRSHc,CONTAINS
0JBeWf23HFRgZonzHC5nGM,3ktY1kg3rAwgNBX_XWRSMp,CONTAINS
0JBeWf23HFRgZonzHC5nGM,0Um_J2ClP45uPRcRbJqhvg,CONTAINS
0JBeWf23HFRgZonzHC5nGM,0Um_J2ClP45uPRcRbJqhce,CONTAINS
0JBeWf23HFRgZonzHC5nGM,0Um_J2ClP45uPRcRbJqhfw,CONTAINS
0JBeWf23HFRgZonzHC4iHL,1_jeQ1u6XFwed$AhVCoJi$,CONTAINS
0JBeWf23HFRgZonzHC5mk3,0MOEoDTm9EnO9yKsXjjkME,CONTAINS
0JBeWf23HFRgZonzHC5mk3,0MOEoDTm9EnO9yKsXjjk2Z,CONTAINS
0JBeWf23HFRgZonzHC5mk3,2sG0Vcmgb1Uverjtj49YTd,CONTAINS
0JBeWf23HFRgZonzHC5mk3,2sG0Vcmgb1Uverjtj49YtH,CONTAINS
0JBeWf23HFRgZonzHC5mk3,2sG0Vcmgb1Uverjtj49zXt,CONTAINS
0JBeWf23HFRgZonzHC5mk3,2sG0Vcmgb1Uverjtj49zdx,CONTAINS
0JBeWf23HFRgZonzHC5mk3,0Zs4aBjAr5AggJ3MVmSIQu,CONTAINS
0JBeWf23HFRgZonzHC5mk3,0Zs4aBjAr5AggJ3MVmSISH,CONTAINS
0JBeWf23HFRgZonzHC5mk3,28WUkjJ1r5wPzZDX9W1k71,CONTAINS
0JBeWf23HFRgZonzHC5mk3,1KGNuJkf5FjQZDFQ6WeEw3,CONTAINS
0JBeWf23HFRgZonzHC5mk3,1KGNuJkf5FjQZDFQ6WeEzz,CONTAINS
0JBeWf23HFRgZonzHC5mk3,0X2$ayW0v5dBNxK3e4nx7c,CONTAINS
0JBeWf23HFRgZonzHC5mk3,11MreptMzBDAizZWBG8_fj,CONTAINS
0JBeWf23HFRgZonzHC5mk3,11MreptMzBDAizZWBG8_Wt,CONTAINS
0JBeWf23HFRgZonzHC5mk3,11MreptMzBDAizZWBG8n79,CONTAINS
0JBeWf23HFRgZonzHC5mk3,11MreptMzBDAizZWBG8mFz,CONTAINS
0JBeWf23HFRgZonzHC5mk3,3GzoWuxxn4WO8bCtw8H3Ho,CONTAINS
0JBeWf23HFRgZonzHC5mk3,3GzoWuxxn4WO8bCtw8H3GX,CONTAINS
0JBeWf23HFRgZonzHC5mk3,3GzoWuxxn4WO8bCtw8H3GW,CONTAINS
0JBeWf23HFRgZonzHC5mk3,3GzoWuxxn4WO8bCtw8H3Pm,CONTAINS
0JBeWf23HFRgZonzHC5mk3,3GzoWuxxn4WO8bCtw8H3UC,CONTAINS
0JBeWf23HFRgZonzHC5mk3,2m6FhmO0r2OgRBRP7hD461,CONTAINS
0JBeWf23HFRgZonzHC5mk3,2m6FhmO0r2OgRBRP7hD456,CONTAINS
0JBeWf23HFRgZonzHC5mk3,2m6FhmO0r2OgRBRP7hD44Y,CONTAINS
0JBeWf23HFRgZonzHC5mk3,2m6FhmO0r2OgRBRP7hD4CZ,CONTAINS
0JBeWf23HFRgZonzHC5mk3,3naw$9in55$v8L5CpxnKbi,CONTAINS
0JBeWf23HFRgZonzHC5mk3,2v8sGyGFXDsRc80mj95lD8,CONTAINS
0JBeWf23HFRgZonzHC5mk3,2v8sGyGFXDsRc80mj95lE_,CONTAINS
0JBeWf23HFRgZonzHC5mk3,2v8sGyGFXDsRc80mj95lu5,CONTAINS
0JBeWf23HFRgZonzHC5mk3,2v8sGyGFXDsRc80mj95i76,CONTAINS
0JBeWf23HFRgZonzHC5mk3,3Icxn5iZD46RLnvfRjDRGg,CONTAINS
0JBeWf23HFRgZonzHC4iHL,3p6DR19bjD_PWb8lZMRTIN,CONTAINS
0JBeWf23HFRgZonzHC4iHL,3p6DR19bjD_PWb8lZMRTlD,CONTAINS
0JBeWf23HFRgZonzHC4iHL,0Pw4h9cu11p8EzOFUdpSlP,CONTAINS
0JBeWf23HFRgZonzHC4iHL,0Pw4h9cu11p8EzOFUdpTBE,CONTAINS
0JBeWf23HFRgZonzHC4iHL,0xKelnDbLBsf$3TAffmU$u,CONTAINS
0JBeWf23HFRgZonzHC4iHL,0xKelnDbLBsf$3TAffmUXs,CONTAINS
0JBeWf23HFRgZonzHC4iHL,0xyFL4ySP5TexORi78qE5c,CONTAINS
0JBeWf23HFRgZonzHC5mYt,3GdhC2lQD5ifjmLdQ3yoHF,CONTAINS
0JBeWf23HFRgZonzHC5mYt,3GdhC2lQD5ifjmLdQ3yoHJ,CONTAINS
0JBeWf23HFRgZonzHC5mYt,1cFRppLhj948bTrzz_Ao_1,CONTAINS
0JBeWf23HFRgZonzHC5mYt,1cFRppLhj948bTrzz_AoiD,CONTAINS
0JBeWf23HFRgZonzHC5mYt,1cFRppLhj948bTrzz_Ao4n,CONTAINS
0JBeWf23HFRgZonzHC5mYt,1cFRppLhj948bTrzz_Apxb,CONTAINS
0JBeWf23HFRgZonzHC5mYt,1cFRppLhj948bTrzz_Apu2,CONTAINS
0JBeWf23HFRgZonzHC5mYt,1cFRppLhj948bTrzz_Apiw,CONTAINS
0JBeWf23HFRgZonzHC5mYt,1cFRppLhj948bTrzz_ApiD,CONTAINS
0JBeWf23HFRgZonzHC5mYt,1cFRppLhj948bTrzz_ApRD,CONTAINS
0JBeWf23HFRgZonzHC5mYt,0ducQKkW5EGQM9rQ5zdM8G,CONTAINS
0JBeWf23HFRgZonzHC5mYt,0ducQKkW5EGQM9rQ5zdM1T,CONTAINS
0JBeWf23HFRgZonzHC5mYt,0ducQKkW5EGQM9rQ5zdM2q,CONTAINS
0JBeWf23HFRgZonzHC5mYt,0ducQKkW5EGQM9rQ5zdM3v,CONTAINS
0JBeWf23HFRgZonzHC5mYt,0ducQKkW5EGQM9rQ5zdM3l,CONTAINS
0JBeWf23HFRgZonzHC5mYt,0ducQKkW5EGQM9rQ5zdPyj,CONTAINS
0JBeWf23HFRgZonzHC5mYt,0ducQKkW5EGQM9rQ5zdP$j,CONTAINS
0JBeWf23HFRgZonzHC5mYt,0ducQKkW5EGQM9rQ5zdPvI,CONTAINS
0JBeWf23HFRgZonzHC5mYt,0ducQKkW5EGQM9rQ5zdPwl,CONTAINS
0JBeWf23HFRgZonzHC5mYt,0ducQKkW5EGQM9rQ5zdPqd,CONTAINS
0JBeWf23HFRgZonzHC5mYt,0ducQKkW5EGQM9rQ5zdPrw,CONTAINS
0JBeWf23HFRgZonzHC5mYt,0ducQKkW5EGQM9rQ5zdPrq,CONTAINS
0JBeWf23HFRgZonzHC5mYt,0ducQKkW5EGQM9rQ5zdPrI,CONTAINS
0JBeWf23HFRgZonzHC5mYt,0ducQKkW5EGQM9rQ5zdPsq,CONTAINS
0JBeWf23HFRgZonzHC5mYt,0ducQKkW5EGQM9rQ5zdPsI,CONTAINS
0JBeWf23HFRgZonzHC5mYt,0ducQKkW5EGQM9rQ5zdPm_,CONTAINS
0JBeWf23HFRgZonzHC5mYt,0ducQKkW5EGQM9rQ5zdPmG,CONTAINS
0JBeWf23HFRgZonzHC5mYt,0ducQKkW5EGQM9rQ5zdPnm,CONTAINS
0JBeWf23HFRgZonzHC5mYt,0ducQKkW5EGQM9rQ5zdPaT,CONTAINS
0JBeWf23HFRgZonzHC5mYt,0ducQKkW5EGQM9rQ5zdPbh,CONTAINS
0JBeWf23HFRgZonzHC5mYt,0ducQKkW5EGQM9rQ5zdPNP,CONTAINS
0JBeWf23HFRgZonzHC5mYt,0ducQKkW5EGQM9rQ5zdPFm,CONTAINS
0JBeWf23HFRgZonzHC5mYt,0ducQKkW5EGQM9rQ5zdPFU,CONTAINS
0JBeWf23HFRgZonzHC5mYt,0ducQKkW5EGQM9rQ5zdP8c,CONTAINS
0JBeWf23HFRgZonzHC5mYt,0ducQKkW5EGQM9rQ5zdP1L,CONTAINS
0JBeWf23HFRgZonzHC5mYt,0ducQKkW5EGQM9rQ5zdOvK,CONTAINS
0JBeWf23HFRgZonzHC5mYt,0ducQKkW5EGQM9rQ5zdOpb,CONTAINS
0JBeWf23HFRgZonzHC4iHL,0ducQKkW5EGQM9rQ5zdOcN,CONTAINS
0JBeWf23HFRgZonzHC4iHL,2BLn4xX2vF_gM9G5wfbU4T,CONTAINS
0JBeWf23HFRgZonzHC4iHL,2BLn4xX2vF_gM9G5wfbU5X,CONTAINS
0JBeWf23HFRgZonzHC4iHL,2BLn4xX2vF_gM9G5wfbPwA,CONTAINS
0JBeWf23HFRgZonzHC4iHL,2BLn4xX2vF_gM9G5wfbPiL,CONTAINS
0JBeWf23HFRgZonzHC4iHL,2BLn4xX2vF_gM9G5wfbPhn,CONTAINS
0JBeWf23HFRgZonzHC4iHL,2BLn4xX2vF_gM9G5wfbPd3,CONTAINS
0JBeWf23HFRgZonzHC4iHL,2BLn4xX2vF_gM9G5wfbPR8,CONTAINS
0JBeWf23HFRgZonzHC4iHL,2BLn4xX2vF_gM9G5wfbPB_,CONTAINS
0JBeWf23HFRgZonzHC4iHL,2BLn4xX2vF_gM9G5wfbP7V,CONTAINS
0JBeWf23HFRgZonzHC4iHL,2BLn4xX2vF_gM9G5wfbP3_,CONTAINS
0JBeWf23HFRgZonzHC4iHL,2BLn4xX2vF_gM9G5wfbP36,CONTAINS
0JBeWf23HFRgZonzHC4iHL,2BLn4xX2vF_gM9G5wfbOeO,CONTAINS
0JBeWf23HFRgZonzHC4iHL,34Ni6yH0HDjQqrjEsXbUMJ,CONTAINS
0JBeWf23HFRgZonzHC5mk3,3U8bdGexDEOw9DXBmULqba,CONTAINS
0JBeWf23HFRgZonzHC5mk3,3U8bdGexDEOw9DXBmULqkr,CONTAINS
0JBeWf23HFRgZonzHC5mk3,3U8bdGexDEOw9DXBmULrMs,CONTAINS
0JBeWf23HFRgZonzHC5mk3,3U8bdGexDEOw9DXBmULrGs,CONTAINS
0JBeWf23HFRgZonzHC5mYt,1q9pLykVT2tOtz_4Xjbvw7,CONTAINS
0JBeWf23HFRgZonzHC5mYt,1q9pLykVT2tOtz_4XjbvqZ,CONTAINS
0JBeWf23HFRgZonzHC5mYt,1q9pLykVT2tOtz_4XjbvBZ,CONTAINS
0JBeWf23HFRgZonzHC5mYt,1q9pLykVT2tOtz_4XjbvA1,CONTAINS
0JBeWf23HFRgZonzHC5mYt,1q9pLykVT2tOtz_4Xjbup3,CONTAINS
0JBeWf23HFRgZonzHC5mYt,1q9pLykVT2tOtz_4XjbuoS,CONTAINS
0JBeWf23HFRgZonzHC5mYt,3pFbansyD0KOHFtJHrTutI,CONTAINS
0JBeWf23HFRgZonzHC5mYt,3pFbansyD0KOHFtJHrTupl,CONTAINS
0JBeWf23HFRgZonzHC4iHL,3pFbansyD0KOHFtJHrTuxk,CONTAINS
0JBeWf23HFRgZonzHC4iHL,3pFbansyD0KOHFtJHrTulG,CONTAINS
0JBeWf23HFRgZonzHC4iHL,3pFbansyD0KOHFtJHrTuhb,CONTAINS
0JBeWf23HFRgZonzHC4iHL,3pFbansyD0KOHFtJHrTtO7,CONTAINS
0JBeWf23HFRgZonzHC4iHL,3pFbansyD0KOHFtJHrTt4G,CONTAINS
0JBeWf23HFRgZonzHC4iHL,3pFbansyD0KOHFtJHrTtDE,CONTAINS
0JBeWf23HFRgZonzHC4iHL,3pFbansyD0KOHFtJHrTtwA,CONTAINS
0JBeWf23HFRgZonzHC4iHL,3pFbansyD0KOHFtJHrTtde,CONTAINS
0JBeWf23HFRgZonzHC4iHL,3pFbansyD0KOHFtJHrTteh,CONTAINS
0JBeWf23HFRgZonzHC4iHL,3pFbansyD0KOHFtJHrTtfJ,CONTAINS
0JBeWf23HFRgZonzHC5mk3,0qKJYWbnv5I8o6vyLfHj8U,CONTAINS
0JBeWf23HFRgZonzHC5mk3,0qKJYWbnv5I8o6vyLfHjJW,CONTAINS
0JBeWf23HFRgZonzHC5mk3,0qKJYWbnv5I8o6vyLfHjzs,CONTAINS
0JBeWf23HFRgZonzHC5mk3,0qKJYWbnv5I8o6vyLfHg6w,CONTAINS
0JBeWf23HFRgZonzHC5mk3,0qdpkovdH5RgxJU7gsxrtm,CONTAINS
0JBeWf23HFRgZonzHC5mk3,0qdpkovdH5RgxJU7gsxrD5,CONTAINS
0JBeWf23HFRgZonzHC5mk3,3XuKtrI0jD5PlAb3LVW6Sm,CONTAINS
0JBeWf23HFRgZonzHC4iHL,0HFJ4FEcn5UhECI1IyBq10,CONTAINS
0JBeWf23HFRgZonzHC4iHL,0HFJ4FEcn5UhECI1IyBq0G,CONTAINS
0JBeWf23HFRgZonzHC5nGM,0Um_J2ClP45uPRcRbJqf_0,CONTAINS
0JBeWf23HFRgZonzHC5nGM,0Um_J2ClP45uPRcRbJqf_I,CONTAINS
0JBeWf23HFRgZonzHC5nGM,0Um_J2ClP45uPRcRbJqhdp,CONTAINS
0JBeWf23HFRgZonzHC4iHL,2fypDDb212M80XzLYYLlIb,CONTAINS
0JBeWf23HFRgZonzHC4iHL,2fypDDb212M80XzLYYLlJg,CONTAINS
0JBeWf23HFRgZonzHC4iHL,1ebX2H7F12su$wtPbeYAIT,CONTAINS
0JBeWf23HFRgZonzHC4iHL,1ebX2H7F12su$wtPbeYATe,CONTAINS
0JBeWf23HFRgZonzHC4iHL,1ebX2H7F12su$wtPbeYAP4,CONTAINS
0JBeWf23HFRgZonzHC4iHL,1ebX2H7F12su$wtPbeYBaq,CONTAINS
0JBeWf23HFRgZonzHC4iHL,0xyFL4ySP5TexORi78qEFc,CONTAINS
0JBeWf23HFRgZonzHC4iHL,0xyFL4ySP5TexORi78qEKF,CONTAINS
0JBeWf23HFRgZonzHC4iHL,0xyFL4ySP5TexORi78qDYL,CONTAINS
0JBeWf23HFRgZonzHC4iHL,0xyFL4ySP5TexORi78qDB1,CONTAINS
0JBeWf23HFRgZonzHC4iHL,0xyFL4ySP5TexORi78qDIC,CONTAINS
0JBeWf23HFRgZonzHC4iHL,0xyFL4ySP5TexORi78qDG5,CONTAINS
0JBeWf23HFRgZonzHC5mk3,1KMtYLyv9CyfGv8UjnMBSN,CONTAINS
0JBeWf23HFRgZonzHC5mk3,1KMtYLyv9CyfGv8UjnMBSM,CONTAINS
0JBeWf23HFRgZonzHC5mk3,1KMtYLyv9CyfGv8UjnMBSL,CONTAINS
0JBeWf23HFRgZonzHC5mk3,1KMtYLyv9CyfGv8UjnMBSK,CONTAINS
0JBeWf23HFRgZonzHC5mk3,1KMtYLyv9CyfGv8UjnMBSR,CONTAINS
0JBeWf23HFRgZonzHC5mk3,1KMtYLyv9CyfGv8UjnMBSQ,CONTAINS
0JBeWf23HFRgZonzHC5mk3,1KMtYLyv9CyfGv8UjnMBSP,CONTAINS
0JBeWf23HFRgZonzHC5mk3,1KMtYLyv9CyfGv8UjnMBSO,CONTAINS
0JBeWf23HFRgZonzHC5mk3,1KMtYLyv9CyfGv8UjnMBSV,CONTAINS
0JBeWf23HFRgZonzHC5mk3,1KMtYLyv9CyfGv8UjnMBSU,CONTAINS
0JBeWf23HFRgZonzHC5mk3,1KMtYLyv9CyfGv8UjnMBST,CONTAINS
0JBeWf23HFRgZonzHC5mk3,1KMtYLyv9CyfGv8UjnMB3Z,CONTAINS
0JBeWf23HFRgZonzHC5mk3,1KMtYLyv9CyfGv8UjnMB3Y,CONTAINS
0JBeWf23HFRgZonzHC5mk3,1KMtYLyv9CyfGv8UjnMB3X,CONTAINS
0JBeWf23HFRgZonzHC5mk3,1KMtYLyv9CyfGv8UjnMB3W,CONTAINS
0JBeWf23HFRgZonzHC5mk3,1KMtYLyv9CyfGv8UjnMB3d,CONTAINS
0JBeWf23HFRgZonzHC5mk3,1KMtYLyv9CyfGv8UjnMB3b,CONTAINS
0JBeWf23HFRgZonzHC5mk3,1KMtYLyv9CyfGv8UjnMB3e,CONTAINS
0JBeWf23HFRgZonzHC5mk3,1KMtYLyv9CyfGv8UjnMB3l,CONTAINS
0JBeWf23HFRgZonzHC5mk3,1KMtYLyv9CyfGv8UjnMB3i,CONTAINS
0JBeWf23HFRgZonzHC5mk3,1KMtYLyv9CyfGv8UjnMB3p,CONTAINS
0JBeWf23HFRgZonzHC5mk3,1KMtYLyv9CyfGv8UjnMB3o,CONTAINS
0JBeWf23HFRgZonzHC5mk3,1KMtYLyv9CyfGv8UjnMB3n,CONTAINS
0JBeWf23HFRgZonzHC5mk3,1KMtYLyv9CyfGv8UjnMB3m,CONTAINS
0JBeWf23HFRgZonzHC5mk3,1KMtYLyv9CyfGv8UjnMB3x,CONTAINS
0JBeWf23HFRgZonzHC5mk3,1KMtYLyv9CyfGv8UjnMB3v,CONTAINS
0JBeWf23HFRgZonzHC5mk3,1KMtYLyv9CyfGv8UjnMB3u,CONTAINS
0JBeWf23HFRgZonzHC5mk3,1KMtYLyv9CyfGv8UjnMB3$,CONTAINS
0JBeWf23HFRgZonzHC5mk3,1KMtYLyv9CyfGv8UjnMB3z,CONTAINS
0JBeWf23HFRgZonzHC5mk3,1KMtYLyv9CyfGv8UjnMB3y,CONTAINS
0JBeWf23HFRgZonzHC5mk3,1KMtYLyv9CyfGv8UjnMB33,CONTAINS
0JBeWf23HFRgZonzHC5mk3,1KMtYLyv9CyfGv8UjnMB32,CONTAINS
0JBeWf23HFRgZonzHC5mk3,1KMtYLyv9CyfGv8UjnMB31,CONTAINS
0JBeWf23HFRgZonzHC4iHL,0ducQKkW5EGQM9rQ5zdOXl,CONTAINS
0JBeWf23HFRgZonzHC4iHL,2BLn4xX2vF_gM9G5wfbVaT,CONTAINS
0JBeWf23HFRgZonzHC4iHL,2BLn4xX2vF_gM9G5wfbVb4,CONTAINS
0JBeWf23HFRgZonzHC4iHL,2BLn4xX2vF_gM9G5wfbPWX,CONTAINS
0JBeWf23HFRgZonzHC4iHL,2BLn4xX2vF_gM9G5wfbPLu,CONTAINS
0JBeWf23HFRgZonzHC4iHL,3pFbansyD0KOHFtJHrTt$5,CONTAINS
0JBeWf23HFRgZonzHC4iHL,3pFbansyD0KOHFtJHrTsSA,CONTAINS
0JBeWf23HFRgZonzHC4iHL,3pFbansyD0KOHFtJHrTsUB,CONTAINS
0JBeWf23HFRgZonzHC5mk3,0pHBx4qSPCfPLZRKuUIKTa,CONTAINS
0JBeWf23HFRgZonzHC5mk3,0pHBx4qSPCfPLZRKuUIKQ9,CONTAINS
0JBeWf23HFRgZonzHC5mk3,0pHBx4qSPCfPLZRKuUIKRO,CONTAINS
0JBeWf23HFRgZonzHC5mk3,0pHBx4qSPCfPLZRKuUIKOJ,CONTAINS
0JBeWf23HFRgZonzHC5mk3,0pHBx4qSPCfPLZRKuUIKPy,CONTAINS
0JBeWf23HFRgZonzHC5mk3,0pHBx4qSPCfPLZRKuUIKNz,CONTAINS
0JBeWf23HFRgZonzHC5mk3,0pHBx4qSPCfPLZRKuUIKG1,CONTAINS
0JBeWf23HFRgZonzHC5mk3,0pHBx4qSPCfPLZRKuUIKhq,CONTAINS
0JBeWf23HFRgZonzHC5mk3,0fjrUmmzDB4fngo1stt3cw,CONTAINS
0JBeWf23HFRgZonzHC5mk3,0HFJ4FEcn5UhECI1IyBAm7,CONTAINS
0JBeWf23HFRgZonzHC5mk3,0HFJ4FEcn5UhECI1IyBBLe,CONTAINS
0JBeWf23HFRgZonzHC4iHL,0HFJ4FEcn5UhECI1IyBBXX,CONTAINS
0JBeWf23HFRgZonzHC4iHL,0HFJ4FEcn5UhECI1IyBBWG,CONTAINS
0JBeWf23HFRgZonzHC4iHL,0HFJ4FEcn5UhECI1IyBBbs,CONTAINS
0JBeWf23HFRgZonzHC4iHL,0HFJ4FEcn5UhECI1IyBBv9,CONTAINS
0JBeWf23HFRgZonzHC4iHL,0HFJ4FEcn5UhECI1IyBBz0,CONTAINS
0JBeWf23HFRgZonzHC4iHL,0HFJ4FEcn5UhECI1IyBBr8,CONTAINS
0JBeWf23HFRgZonzHC4iHL,0HFJ4FEcn5UhECI1IyBBqj,CONTAINS
0JBeWf23HFRgZonzHC4iHL,0HFJ4FEcn5UhECI1IyBqD7,CONTAINS
0JBeWf23HFRgZonzHC4iHL,0HFJ4FEcn5UhECI1IyBq3s,CONTAINS
0JBeWf23HFRgZonzHC4iHL,0HFJ4FEcn5UhECI1IyBq6E,CONTAINS
0JBeWf23HFRgZonzHC4iHL,0HFJ4FEcn5UhECI1IyBqQx,CONTAINS
0JBeWf23HFRgZonzHC5mk3,1gdfXOIAf8ZBJUgAp$8e1o,CONTAINS
0JBeWf23HFRgZonzHC4iHL,1gdfXOIAf8ZBJUgAp$8ewJ,CONTAINS
0JBeWf23HFRgZonzHC5mk3,2Bm1R3arDAW8kJznnV4FrS,CONTAINS
0JBeWf23HFRgZonzHC5nK0,3ktY1kg3rAwgNBX_XWRV0C,CONTAINS
0JBeWf23HFRgZonzHC5nK0,3ktY1kg3rAwgNBX_XWRV0D,CONTAINS
0JBeWf23HFRgZonzHC5nK0,3ktY1kg3rAwgNBX_XWRV0E,CONTAINS
0JBeWf23HFRgZonzHC5nK0,3ktY1kg3rAwgNBX_XWRV0F,CONTAINS
0JBeWf23HFRgZonzHC5nK0,3ktY1kg3rAwgNBX_XWRV08,CONTAINS
0JBeWf23HFRgZonzHC5nK0,3ktY1kg3rAwgNBX_XWRV09,CONTAINS
0JBeWf23HFRgZonzHC5nK0,3ktY1kg3rAwgNBX_XWRV0A,CONTAINS
0JBeWf23HFRgZonzHC5nK0,3ktY1kg3rAwgNBX_XWRV0B,CONTAINS
0JBeWf23HFRgZonzHC5nK0,3ktY1kg3rAwgNBX_XWRV04,CONTAINS
0JBeWf23HFRgZonzHC5nK0,3ktY1kg3rAwgNBX_XWRV05,CONTAINS
0JBeWf23HFRgZonzHC5nK0,3ktY1kg3rAwgNBX_XWRV06,CONTAINS
0JBeWf23HFRgZonzHC5nK0,3ktY1kg3rAwgNBX_XWRV07,CONTAINS
0JBeWf23HFRgZonzHC5nK0,3ktY1kg3rAwgNBX_XWRV00,CONTAINS
0JBeWf23HFRgZonzHC5nK0,3ktY1kg3rAwgNBX_XWRV01,CONTAINS
0JBeWf23HFRgZonzHC5nK0,3ktY1kg3rAwgNBX_XWRV02,CONTAINS
0JBeWf23HFRgZonzHC5nK0,3ktY1kg3rAwgNBX_XWRV03,CONTAINS
0JBeWf23HFRgZonzHC5nK0,3ktY1kg3rAwgNBX_XWRV0S,CONTAINS
0JBeWf23HFRgZonzHC5nK0,3ktY1kg3rAwgNBX_XWRV0T,CONTAINS
0JBeWf23HFRgZonzHC5nK0,3ktY1kg3rAwgNBX_XWRV0U,CONTAINS
0JBeWf23HFRgZonzHC5nK0,3ktY1kg3rAwgNBX_XWRV0V,CONTAINS
0JBeWf23HFRgZonzHC5nK0,3ktY1kg3rAwgNBX_XWRV0O,CONTAINS
0JBeWf23HFRgZonzHC5nK0,3ktY1kg3rAwgNBX_XWRV0P,CONTAINS
0JBeWf23HFRgZonzHC5nK0,3ktY1kg3rAwgNBX_XWRV0Q,CONTAINS
0JBeWf23HFRgZonzHC5nK0,3ktY1kg3rAwgNBX_XWRV0R,CONTAINS
0JBeWf23HFRgZonzHC5nK0,3ktY1kg3rAwgNBX_XWRV0K,CONTAINS
0JBeWf23HFRgZonzHC5nK0,3ktY1kg3rAwgNBX_XWRV0L,CONTAINS
0JBeWf23HFRgZonzHC5nK0,3ktY1kg3rAwgNBX_XWRV0M,CONTAINS
0JBeWf23HFRgZonzHC5nK0,3ktY1kg3rAwgNBX_XWRV0N,CONTAINS
0JBeWf23HFRgZonzHC5nK0,3ktY1kg3rAwgNBX_XWRV0G,CONTAINS
0JBeWf23HFRgZonzHC5nK0,3ktY1kg3rAwgNBX_XWRV0H,CONTAINS
0JBeWf23HFRgZonzHC5nK0,3ktY1kg3rAwgNBX_XWRV0I,CONTAINS
0JBeWf23HFRgZonzHC5nK0,3ktY1kg3rAwgNBX_XWRV0J,CONTAINS
0JBeWf23HFRgZonzHC5nK0,3ktY1kg3rAwgNBX_XWRV0i,CONTAINS
0JBeWf23HFRgZonzHC5nK0,3ktY1kg3rAwgNBX_XWRV0j,CONTAINS
0JBeWf23HFRgZonzHC5nK0,3ktY1kg3rAwgNBX_XWRV0k,CONTAINS
0JBeWf23HFRgZonzHC5nK0,3ktY1kg3rAwgNBX_XWRV0l,CONTAINS
0JBeWf23HFRgZonzHC5nK0,3ktY1kg3rAwgNBX_XWRV0e,CONTAINS
0JBeWf23HFRgZonzHC5nK0,3ktY1kg3rAwgNBX_XWRV0f,CONTAINS
0JBeWf23HFRgZonzHC5nK0,3ktY1kg3rAwgNBX_XWRV0g,CONTAINS
0JBeWf23HFRgZonzHC5nK0,3ktY1kg3rAwgNBX_XWRV0h,CONTAINS
0JBeWf23HFRgZonzHC5nK0,3ktY1kg3rAwgNBX_XWRV0a,CONTAINS
0JBeWf23HFRgZonzHC5nK0,3ktY1kg3rAwgNBX_XWRV0b,CONTAINS
0JBeWf23HFRgZonzHC5nK0,3ktY1kg3rAwgNBX_XWRV0c,CONTAINS
0JBeWf23HFRgZonzHC5nK0,3ktY1kg3rAwgNBX_XWRV0d,CONTAINS
0JBeWf23HFRgZonzHC5nK0,3ktY1kg3rAwgNBX_XWRV0W,CONTAINS
0JBeWf23HFRgZonzHC5nK0,3ktY1kg3rAwgNBX_XWRV0X,CONTAINS
0JBeWf23HFRgZonzHC5nNU,3ktY1kg3rAwgNBX_XWRV10,CONTAINS
0JBeWf23HFRgZonzHC5nNU,3ktY1kg3rAwgNBX_XWRV11,CONTAINS
0JBeWf23HFRgZonzHC5nNU,3ktY1kg3rAwgNBX_XWRV12,CONTAINS
0JBeWf23HFRgZonzHC5nNU,3ktY1kg3rAwgNBX_XWRV13,CONTAINS
0JBeWf23HFRgZonzHC5nNU,3ktY1kg3rAwgNBX_XWRV1S,CONTAINS
0JBeWf23HFRgZonzHC5nNU,3ktY1kg3rAwgNBX_XWRV1T,CONTAINS
0JBeWf23HFRgZonzHC5nNU,3ktY1kg3rAwgNBX_XWRV1U,CONTAINS
0JBeWf23HFRgZonzHC5nNU,3ktY1kg3rAwgNBX_XWRV1V,CONTAINS
0JBeWf23HFRgZonzHC5nNU,3ktY1kg3rAwgNBX_XWRV1O,CONTAINS
0JBeWf23HFRgZonzHC5nNU,3ktY1kg3rAwgNBX_XWRV1P,CONTAINS
0JBeWf23HFRgZonzHC5nNU,3ktY1kg3rAwgNBX_XWRV1Q,CONTAINS
0JBeWf23HFRgZonzHC5nNU,3ktY1kg3rAwgNBX_XWRV1R,CONTAINS
0JBeWf23HFRgZonzHC5nNU,3ktY1kg3rAwgNBX_XWRV1K,CONTAINS
0JBeWf23HFRgZonzHC5nNU,3ktY1kg3rAwgNBX_XWRV1L,CONTAINS
0JBeWf23HFRgZonzHC5nNU,3ktY1kg3rAwgNBX_XWRV1M,CONTAINS
0JBeWf23HFRgZonzHC5nNU,3ktY1kg3rAwgNBX_XWRV1N,CONTAINS
0JBeWf23HFRgZonzHC5nNU,3ktY1kg3rAwgNBX_XWRV1G,CONTAINS
0JBeWf23HFRgZonzHC5nNU,3ktY1kg3rAwgNBX_XWRV1H,CONTAINS
0JBeWf23HFRgZonzHC5nNU,3ktY1kg3rAwgNBX_XWRV1I,CONTAINS
0JBeWf23HFRgZonzHC5nNU,3ktY1kg3rAwgNBX_XWRV1J,CONTAINS
0JBeWf23HFRgZonzHC5nNU,3ktY1kg3rAwgNBX_XWRV1i,CONTAINS
0JBeWf23HFRgZonzHC5nNU,3ktY1kg3rAwgNBX_XWRV1j,CONTAINS
0JBeWf23HFRgZonzHC5nNU,3ktY1kg3rAwgNBX_XWRV1k,CONTAINS
0JBeWf23HFRgZonzHC5nNU,3ktY1kg3rAwgNBX_XWRV1l,CONTAINS
0JBeWf23HFRgZonzHC5nNU,3ktY1kg3rAwgNBX_XWRV1e,CONTAINS
0JBeWf23HFRgZonzHC5nNU,3ktY1kg3rAwgNBX_XWRV1f,CONTAINS
0JBeWf23HFRgZonzHC5nNU,3ktY1kg3rAwgNBX_XWRV1g,CONTAINS
0JBeWf23HFRgZonzHC5nNU,3ktY1kg3rAwgNBX_XWRV1h,CONTAINS
0JBeWf23HFRgZonzHC5nNU,3ktY1kg3rAwgNBX_XWRV1a,CONTAINS
0JBeWf23HFRgZonzHC5nNU,3ktY1kg3rAwgNBX_XWRV1b,CONTAINS
0JBeWf23HFRgZonzHC5nNU,3ktY1kg3rAwgNBX_XWRV1c,CONTAINS
0JBeWf23HFRgZonzHC5nNU,3ktY1kg3rAwgNBX_XWRV1d,CONTAINS
0JBeWf23HFRgZonzHC5nNU,3ktY1kg3rAwgNBX_XWRV1W,CONTAINS
0JBeWf23HFRgZonzHC5nNU,3ktY1kg3rAwgNBX_XWRV1X,CONTAINS
0JBeWf23HFRgZonzHC5nNU,3ktY1kg3rAwgNBX_XWRV1Y,CONTAINS
0JBeWf23HFRgZonzHC5nNU,3ktY1kg3rAwgNBX_XWRV1Z,CONTAINS
0JBeWf23HFRgZonzHC5nNU,3ktY1kg3rAwgNBX_XWRV1y,CONTAINS
0JBeWf23HFRgZonzHC5nNU,3ktY1kg3rAwgNBX_XWRV1z,CONTAINS
0JBeWf23HFRgZonzHC5nNU,3ktY1kg3rAwgNBX_XWRV1_,CONTAINS
0JBeWf23HFRgZonzHC5nNU,3ktY1kg3rAwgNBX_XWRV1$,CONTAINS
0JBeWf23HFRgZonzHC5nNU,3ktY1kg3rAwgNBX_XWRV1u,CONTAINS
0JBeWf23HFRgZonzHC5nNU,3ktY1kg3rAwgNBX_XWRV1v,CONTAINS
0JBeWf23HFRgZonzHC5nNU,3ktY1kg3rAwgNBX_XWRV1w,CONTAINS
0JBeWf23HFRgZonzHC5nNU,3ktY1kg3rAwgNBX_XWRV1x,CONTAINS
0JBeWf23HFRgZonzHC5nNU,3ktY1kg3rAwgNBX_XWRV1q,CONTAINS
0JBeWf23HFRgZonzHC5nNU,3ktY1kg3rAwgNBX_XWRV1r,CONTAINS
0JBeWf23HFRgZonzHC5nHq,3ktY1kg3rAwgNBX_XWRV7b,CONTAINS
0JBeWf23HFRgZonzHC5nHq,3ktY1kg3rAwgNBX_XWRV7c,CONTAINS
0JBeWf23HFRgZonzHC5nHq,3ktY1kg3rAwgNBX_XWRV7d,CONTAINS
0JBeWf23HFRgZonzHC5nHq,3ktY1kg3rAwgNBX_XWRV7W,CONTAINS
0JBeWf23HFRgZonzHC5nHq,3ktY1kg3rAwgNBX_XWRV7X,CONTAINS
0JBeWf23HFRgZonzHC5nHq,3ktY1kg3rAwgNBX_XWRV7Y,CONTAINS
0JBeWf23HFRgZonzHC5nHq,3ktY1kg3rAwgNBX_XWRV7Z,CONTAINS
0JBeWf23HFRgZonzHC5nHq,3ktY1kg3rAwgNBX_XWRV7y,CONTAINS
0JBeWf23HFRgZonzHC5nHq,3ktY1kg3rAwgNBX_XWRV7z,CONTAINS
0JBeWf23HFRgZonzHC5nHq,3ktY1kg3rAwgNBX_XWRV7_,CONTAINS
0JBeWf23HFRgZonzHC5nHq,3ktY1kg3rAwgNBX_XWRV7$,CONTAINS
0JBeWf23HFRgZonzHC5nHq,3ktY1kg3rAwgNBX_XWRV7u,CONTAINS
0JBeWf23HFRgZonzHC5nHq,3ktY1kg3rAwgNBX_XWRV7v,CONTAINS
0JBeWf23HFRgZonzHC5nHq,3ktY1kg3rAwgNBX_XWRV7w,CONTAINS
0JBeWf23HFRgZonzHC5nHq,3ktY1kg3rAwgNBX_XWRV7x,CONTAINS
0JBeWf23HFRgZonzHC5nHq,3ktY1kg3rAwgNBX_XWRV7q,CONTAINS
0JBeWf23HFRgZonzHC5nHq,3ktY1kg3rAwgNBX_XWRV7r,CONTAINS
0JBeWf23HFRgZonzHC5nHq,3ktY1kg3rAwgNBX_XWRV7s,CONTAINS
0JBeWf23HFRgZonzHC5nHq,3ktY1kg3rAwgNBX_XWRV7t,CONTAINS
0JBeWf23HFRgZonzHC5nHq,3ktY1kg3rAwgNBX_XWRV7m,CONTAINS
0JBeWf23HFRgZonzHC5nHq,3ktY1kg3rAwgNBX_XWRV7n,CONTAINS
0JBeWf23HFRgZonzHC5nHq,3ktY1kg3rAwgNBX_XWRV7o,CONTAINS
0JBeWf23HFRgZonzHC5nHq,3ktY1kg3rAwgNBX_XWRV7p,CONTAINS
0JBeWf23HFRgZonzHC5nHq,3ktY1kg3rAwgNBX_XWRV4C,CONTAINS
0JBeWf23HFRgZonzHC5nHq,3ktY1kg3rAwgNBX_XWRV4D,CONTAINS
0JBeWf23HFRgZonzHC5nHq,3ktY1kg3rAwgNBX_XWRV4E,CONTAINS
0JBeWf23HFRgZonzHC5nHq,3ktY1kg3rAwgNBX_XWRV4F,CONTAINS
0JBeWf23HFRgZonzHC5nHq,3ktY1kg3rAwgNBX_XWRV48,CONTAINS
0JBeWf23HFRgZonzHC5nHq,3ktY1kg3rAwgNBX_XWRV49,CONTAINS
0JBeWf23HFRgZonzHC5nHq,3ktY1kg3rAwgNBX_XWRV4A,CONTAINS
0JBeWf23HFRgZonzHC5nHq,3ktY1kg3rAwgNBX_XWRV4B,CONTAINS
0JBeWf23HFRgZonzHC5nHq,3ktY1kg3rAwgNBX_XWRV44,CONTAINS
0JBeWf23HFRgZonzHC5nHq,3ktY1kg3rAwgNBX_XWRV45,CONTAINS
0JBeWf23HFRgZonzHC5nHq,3ktY1kg3rAwgNBX_XWRV46,CONTAINS
0JBeWf23HFRgZonzHC5nHq,3ktY1kg3rAwgNBX_XWRV47,CONTAINS
0JBeWf23HFRgZonzHC5nHq,3ktY1kg3rAwgNBX_XWRV40,CONTAINS
0JBeWf23HFRgZonzHC5nHq,3ktY1kg3rAwgNBX_XWRV41,CONTAINS
0JBeWf23HFRgZonzHC5nHq,3ktY1kg3rAwgNBX_XWRV42,CONTAINS
0JBeWf23HFRgZonzHC5nHq,3ktY1kg3rAwgNBX_XWRV43,CONTAINS
0JBeWf23HFRgZonzHC5nHq,3ktY1kg3rAwgNBX_XWRV4S,CONTAINS
0JBeWf23HFRgZonzHC5nHq,3ktY1kg3rAwgNBX_XWRV4T,CONTAINS
0JBeWf23HFRgZonzHC5nHq,3ktY1kg3rAwgNBX_XWRV4U,CONTAINS
0JBeWf23HFRgZonzHC5nHq,3ktY1kg3rAwgNBX_XWRV4V,CONTAINS
0JBeWf23HFRgZonzHC5nHq,3ktY1kg3rAwgNBX_XWRV4O,CONTAINS
0JBeWf23HFRgZonzHC5nHq,3ktY1kg3rAwgNBX_XWRV4P,CONTAINS
0JBeWf23HFRgZonzHC5nHq,3ktY1kg3rAwgNBX_XWRV4Q,CONTAINS
0JBeWf23HFRgZonzHC5mgM,3ktY1kg3rAwgNBX_XWRS7V,CONTAINS
0JBeWf23HFRgZonzHC5mgM,3ktY1kg3rAwgNBX_XWRS7O,CONTAINS
0JBeWf23HFRgZonzHC5mgM,3ktY1kg3rAwgNBX_XWRS7P,CONTAINS
0JBeWf23HFRgZonzHC5mgM,3ktY1kg3rAwgNBX_XWRS7Q,CONTAINS
0JBeWf23HFRgZonzHC5mgM,3ktY1kg3rAwgNBX_XWRS7R,CONTAINS
0JBeWf23HFRgZonzHC5mgM,3ktY1kg3rAwgNBX_XWRS7K,CONTAINS
0JBeWf23HFRgZonzHC5mgM,3ktY1kg3rAwgNBX_XWRS7L,CONTAINS
0JBeWf23HFRgZonzHC5mgM,3ktY1kg3rAwgNBX_XWRS7M,CONTAINS
0JBeWf23HFRgZonzHC5mgM,3ktY1kg3rAwgNBX_XWRS7N,CONTAINS
0JBeWf23HFRgZonzHC5mgM,3ktY1kg3rAwgNBX_XWRS7G,CONTAINS
0JBeWf23HFRgZonzHC5mgM,3ktY1kg3rAwgNBX_XWRS7H,CONTAINS
0JBeWf23HFRgZonzHC5mgM,3ktY1kg3rAwgNBX_XWRS7I,CONTAINS
0JBeWf23HFRgZonzHC5mgM,3ktY1kg3rAwgNBX_XWRS7J,CONTAINS
0JBeWf23HFRgZonzHC5mgM,3ktY1kg3rAwgNBX_XWRS7i,CONTAINS
0JBeWf23HFRgZonzHC5mgM,3ktY1kg3rAwgNBX_XWRS7j,CONTAINS
0JBeWf23HFRgZonzHC5mgM,3ktY1kg3rAwgNBX_XWRS7k,CONTAINS
0JBeWf23HFRgZonzHC5mgM,3ktY1kg3rAwgNBX_XWRS7l,CONTAINS
0JBeWf23HFRgZonzHC5mgM,3ktY1kg3rAwgNBX_XWRS7e,CONTAINS
0JBeWf23HFRgZonzHC5mgM,3ktY1kg3rAwgNBX_XWRS7f,CONTAINS
0JBeWf23HFRgZonzHC5mgM,3ktY1kg3rAwgNBX_XWRS7g,CONTAINS
0JBeWf23HFRgZonzHC5mgM,3ktY1kg3rAwgNBX_XWRS7h,CONTAINS
0JBeWf23HFRgZonzHC5mgM,3ktY1kg3rAwgNBX_XWRS7a,CONTAINS
0JBeWf23HFRgZonzHC5mgM,3ktY1kg3rAwgNBX_XWRS7b,CONTAINS
0JBeWf23HFRgZonzHC5mgM,3ktY1kg3rAwgNBX_XWRS7c,CONTAINS
0JBeWf23HFRgZonzHC5mgM,3ktY1kg3rAwgNBX_XWRS7d,CONTAINS
0JBeWf23HFRgZonzHC5mgM,3ktY1kg3rAwgNBX_XWRS7W,CONTAINS
0JBeWf23HFRgZonzHC5mgM,3ktY1kg3rAwgNBX_XWRS7X,CONTAINS
0JBeWf23HFRgZonzHC5mgM,3ktY1kg3rAwgNBX_XWRS7Y,CONTAINS
0JBeWf23HFRgZonzHC5mgM,3ktY1kg3rAwgNBX_XWRS7Z,CONTAINS
0JBeWf23HFRgZonzHC5mgM,3ktY1kg3rAwgNBX_XWRS7y,CONTAINS
0JBeWf23HFRgZonzHC5mgM,3ktY1kg3rAwgNBX_XWRS7z,CONTAINS
0JBeWf23HFRgZonzHC5mgM,3ktY1kg3rAwgNBX_XWRS7_,CONTAINS
0JBeWf23HFRgZonzHC5mgM,3ktY1kg3rAwgNBX_XWRS7$,CONTAINS
0JBeWf23HFRgZonzHC5mgM,3ktY1kg3rAwgNBX_XWRS7u,CONTAINS
0JBeWf23HFRgZonzHC5mgM,3ktY1kg3rAwgNBX_XWRS7v,CONTAINS
0JBeWf23HFRgZonzHC5mgM,3ktY1kg3rAwgNBX_XWRS7w,CONTAINS
0JBeWf23HFRgZonzHC5mgM,3ktY1kg3rAwgNBX_XWRS7x,CONTAINS
0JBeWf23HFRgZonzHC5mgM,3ktY1kg3rAwgNBX_XWRS7q,CONTAINS
0JBeWf23HFRgZonzHC5mgM,3ktY1kg3rAwgNBX_XWRS7r,CONTAINS
0JBeWf23HFRgZonzHC5mgM,3ktY1kg3rAwgNBX_XWRS7s,CONTAINS
0JBeWf23HFRgZonzHC5mgM,3ktY1kg3rAwgNBX_XWRS7t,CONTAINS
0JBeWf23HFRgZonzHC5mgM,3ktY1kg3rAwgNBX_XWRS7m,CONTAINS
0JBeWf23HFRgZonzHC5mgM,3ktY1kg3rAwgNBX_XWRS7n,CONTAINS
0JBeWf23HFRgZonzHC5mgM,3ktY1kg3rAwgNBX_XWRS7o,CONTAINS
0JBeWf23HFRgZonzHC5mgM,3ktY1kg3rAwgNBX_XWRS7p,CONTAINS
0JBeWf23HFRgZonzHC5mgM,3ktY1kg3rAwgNBX_XWRS4C,CONTAINS
0JBeWf23HFRgZonzHC5nGM,0Um_J2ClP45uPRcRbJqhxe,CONTAINS
0JBeWf23HFRgZonzHC5nGM,0Um_J2ClP45uPRcRbJqhbu,CONTAINS
0JBeWf23HFRgZonzHC5nGM,0Um_J2ClP45uPRcRbJqhis,CONTAINS
0JBeWf23HFRgZonzHC4iHL,0SYs3s__10NgRHjGtRj2X7,CONTAINS
0JBeWf23HFRgZonzHC4iHL,0SYs3s__10NgRHjGtRj2W7,CONTAINS
0JBeWf23HFRgZonzHC4iHL,0SYs3s__10NgRHjGtRj2WI,CONTAINS
0JBeWf23HFRgZonzHC4iHL,0SYs3s__10NgRHjGtRj2ub,CONTAINS
0JBeWf23HFRgZonzHC4iHL,0SYs3s__10NgRHjGtRj2u$,CONTAINS
0JBeWf23HFRgZonzHC4iHL,0SYs3s__10NgRHjGtRj2t6,CONTAINS
0JBeWf23HFRgZonzHC4iHL,0SYs3s__10NgRHjGtRj2sh,CONTAINS
0JBeWf23HFRgZonzHC4iHL,0o1QfH3m18FQ$FuQf8VgMN,CONTAINS
0JBeWf23HFRgZonzHC4iHL,0o1QfH3m18FQ$FuQf8VgL$,CONTAINS
0JBeWf23HFRgZonzHC4iHL,0o1QfH3m18FQ$FuQf8VgKi,CONTAINS
0JBeWf23HFRgZonzHC4iHL,0o1QfH3m18FQ$FuQf8VgK2,CONTAINS
0JBeWf23HFRgZonzHC4iHL,0o1QfH3m18FQ$FuQf8VgJg,CONTAINS
0JBeWf23HFRgZonzHC4iHL,0o1QfH3m18FQ$FuQf8VgJQ,CONTAINS
0JBeWf23HFRgZonzHC4iHL,0o1QfH3m18FQ$FuQf8VgGm,CONTAINS
0JBeWf23HFRgZonzHC4iHL,0o1QfH3m18FQ$FuQf8Vgjk,CONTAINS
0JBeWf23HFRgZonzHC4iHL,0o1QfH3m18FQ$FuQf8Vgh_,CONTAINS
0JBeWf23HFRgZonzHC4iHL,0o1QfH3m18FQ$FuQf8VgfQ,CONTAINS
0JBeWf23HFRgZonzHC4iHL,0o1QfH3m18FQ$FuQf8VgdV,CONTAINS
0JBeWf23HFRgZonzHC4iHL,1p5u6RKD9AXOYfaTdtdJeQ,CONTAINS
0JBeWf23HFRgZonzHC4iHL,1p5u6RKD9AXOYfaTdtdJeC,CONTAINS
0JBeWf23HFRgZonzHC4iHL,1p5u6RKD9AXOYfaTdtdJe3,CONTAINS
0JBeWf23HFRgZonzHC4iHL,1p5u6RKD9AXOYfaTdtdJhr,CONTAINS
0JBeWf23HFRgZonzHC4iHL,1p5u6RKD9AXOYfaTdtdJhh,CONTAINS
0JBeWf23HFRgZonzHC4iHL,1p5u6RKD9AXOYfaTdtdJh7,CONTAINS
0JBeWf23HFRgZonzHC4iHL,1p5u6RKD9AXOYfaTdtdJgh,CONTAINS
0JBeWf23HFRgZonzHC4iHL,1p5u6RKD9AXOYfaTdtdJgC,CONTAINS
0JBeWf23HFRgZonzHC4iHL,1p5u6RKD9AXOYfaTdtdJiq,CONTAINS
0JBeWf23HFRgZonzHC4iHL,1p5u6RKD9AXOYfaTdtdJi4,CONTAINS
0JBeWf23HFRgZonzHC4iHL,1p5u6RKD9AXOYfaTdtdJlw,CONTAINS
0JBeWf23HFRgZonzHC4iHL,1p5u6RKD9AXOYfaTdtdJla,CONTAINS
0JBeWf23HFRgZonzHC4iHL,1p5u6RKD9AXOYfaTdtdJpe,CONTAINS
0JBeWf23HFRgZonzHC4iHL,1p5u6RKD9AXOYfaTdtdJp6,CONTAINS
0JBeWf23HFRgZonzHC4iHL,1p5u6RKD9AXOYfaTdtdJom,CONTAINS
0JBeWf23HFRgZonzHC5nGM,0_mZcEaVzC7Pg5JA6xyJF6,CONTAINS
0JBeWf23HFRgZonzHC4iHL,0t7TVxPGL1fBrLXU9rUqSH,CONTAINS
0JBeWf23HFRgZonzHC7iqs,0Um_J2ClP45uPRcRjJqhme,CONTAINS
0JBeWf23HFRgZonzHC5nGM,2I1hX40SDEbAFJeZO_2_Pq,CONTAINS
0JBeWf23HFRgZonzHC5mYt,3NlCHdPGXFUvkKekQzm3CK,CONTAINS
0JBeWf23HFRgZonzHC5mk3,3NlCHdPGXFUvkKekQzm3FC,CONTAINS
0JBeWf23HFRgZonzHC5mgM,3NlCHdPGXFUvkKekQzm3FY,CONTAINS
0JBeWf23HFRgZonzHC5nK0,3NlCHdPGXFUvkKekQzm3Fi,CONTAINS
0JBeWf23HFRgZonzHC5nNU,3NlCHdPGXFUvkKekQzm3F_,CONTAINS
0JBeWf23HFRgZonzHC5nHq,3NlCHdPGXFUvkKekQzm3EP,CONTAINS
0JBeWf23HFRgZonzHC5mYt,0MOEoDTm9EnO9yKsXjjlgV,CONTAINS
0JBeWf23HFRgZonzHC5mYt,3GzoWuxxn4WO8bCtw8H3B6,CONTAINS
0JBeWf23HFRgZonzHC5mYt,3naw$9in55$v8L5CpxnK2i,CONTAINS
0JBeWf23HFRgZonzHC5mk3,0ikA9YOKrBaRArRnE24rkF,CONTAINS
0JBeWf23HFRgZonzHC5mgM,2jMg7KKh9BngwDP$rL2Wdy,CONTAINS
0JBeWf23HFRgZonzHC5nK0,03V7Txha10JAsPO1eunWrl,CONTAINS
0JBeWf23HFRgZonzHC5nNU,0vD9RialTD9QxDNUJU2vYx,CONTAINS
0JBeWf23HFRgZonzHC5nHq,175SJZNMbBABiZ2bXgMZA3,CONTAINS
0JBeWf23HFRgZonzHC4iHL,0ikA9YOKrBaRArRnE24qDK,CONTAINS
0JBeWf23HFRgZonzHC5mYt,0MOEoDTm9EnO9yKsXjjlgU,CONTAINS
0JBeWf23HFRgZonzHC5mYt,3GzoWuxxn4WO8bCtw8H3B1,CONTAINS
0JBeWf23HFRgZonzHC5mYt,3naw$9in55$v8L5CpxnK2j,CONTAINS
0JBeWf23HFRgZonzHC5mk3,0ikA9YOKrBaRArRnE24qV3,CONTAINS
0JBeWf23HFRgZonzHC5mgM,0zwF8MQMz4WPTPxCtB$TUQ,CONTAINS
0JBeWf23HFRgZonzHC5nK0,0vUwvmC$5DAhJ5h8TXdzM$,CONTAINS
0JBeWf23HFRgZonzHC5nNU,0eY_JNYBL07QlN_H9INGtf,CONTAINS
0JBeWf23HFRgZonzHC5nHq,1ZALKQvcX0ShuOf9ECPpog,CONTAINS
0JBeWf23HFRgZonzHC4iHL,0ikA9YOKrBaRArRnE24qDL,CONTAINS
0JBeWf23HFRgZonzHC5mYt,0MOEoDTm9EnO9yKsXjjlgE,CONTAINS
0JBeWf23HFRgZonzHC5mYt,3GzoWuxxn4WO8bCtw8H3BH,CONTAINS
0JBeWf23HFRgZonzHC5mYt,3naw$9in55$v8L5CpxnK2T,CONTAINS
0JBeWf23HFRgZonzHC5mYt,1gdfXOIAf8ZBJUgAp$8e7h,CONTAINS
0JBeWf23HFRgZonzHC5mYt,1gdfXOIAf8ZBJUgAp$8e7d,CONTAINS
0JBeWf23HFRgZonzHC5mk3,0ikA9YOKrBaRArRnE24qG2,CONTAINS
0JBeWf23HFRgZonzHC5mgM,38cogzaoHFsA14BvyabQTI,CONTAINS
0JBeWf23HFRgZonzHC5nK0,0yDpK_s1HBLPtkRPdXq98I,CONTAINS
0JBeWf23HFRgZonzHC5nNU,2lAXUFk$H9Ox0zfgaenfdM,CONTAINS
0JBeWf23HFRgZonzHC5nHq,3Ru66Gtdr8je900XvjI$K5,CONTAINS
0JBeWf23HFRgZonzHC5mk3,0ikA9YOKrBaRArRnE24qG6,CONTAINS
0JBeWf23HFRgZonzHC5mgM,01KIiV8XP6ngaLp$2u62CV,CONTAINS
0JBeWf23HFRgZonzHC5nK0,1J$rsPA_b6vv2Ufgcd5gAV,CONTAINS
0JBeWf23HFRgZonzHC5nNU,0RX0qjgLr74ARybmQT42Gd,CONTAINS
0JBeWf23HFRgZonzHC5nHq,3xIzzWNOf80wb5fUMgFFvY,CONTAINS
0JBeWf23HFRgZonzHC4iHL,0ikA9YOKrBaRArRnE24qEW,CONTAINS
0JBeWf23HFRgZonzHC4iHL,0ikA9YOKrBaRArRnE24qEa,CONTAINS
0JBeWf23HFRgZonzHC5nGM,0Um_J2ClP45uPRcRbJqfyP,CONTAINS
0JBeWf23HFRgZonzHC4iHL,2fypDDb212M80XzLYYLlSG,CONTAINS
0JBeWf23HFRgZonzHC5nGM,0_mZcEaVzC7Pg5JAExyJF6,CONTAINS
0JBeWf23HFRgZonzHC7iqs,0Um_J2ClP45uPRcRbJqhme,CONTAINS
0JBeWf23HFRgZonzHC4iHL,3WghND$tL64OKayb9VHFSn,CONTAINS
0JBeWf23HFRgZonzHC4iHL,3WghND$tL64OKayb9VHFRW,CONTAINS
0JBeWf23HFRgZonzHC5mk3,02b4vxvtD5HBo2EeUI69y3,CONTAINS
0JBeWf23HFRgZonzHC5mk3,02b4vxvtD5HBo2EeUI69zy,CONTAINS
0JBeWf23HFRgZonzHC5mk3,02b4vxvtD5HBo2EeUI66Ue,CONTAINS
0JBeWf23HFRgZonzHC5mk3,02b4vxvtD5HBo2EeUI66Uf,CONTAINS
0JBeWf23HFRgZonzHC5mk3,02b4vxvtD5HBo2EeUI64uz,CONTAINS
0JBeWf23HFRgZonzHC5mk3,02b4vxvtD5HBo2EeUI64u_,CONTAINS
0JBeWf23HFRgZonzHC5mk3,02b4vxvtD5HBo2EeUI62mV,CONTAINS
0JBeWf23HFRgZonzHC5mk3,3bptS3GYj4Qv2__W5Ei$UA,CONTAINS
0JBeWf23HFRgZonzHC5mk3,3bptS3GYj4Qv2__W5Ei$Tc,CONTAINS
0JBeWf23HFRgZonzHC5mk3,28WUkjJ1r5wPzZDX9W1kx7,CONTAINS
0JBeWf23HFRgZonzHC5mk3,28WUkjJ1r5wPzZDX9W1kx8,CONTAINS
0JBeWf23HFRgZonzHC5mk3,28WUkjJ1r5wPzZDX9W1jMA,CONTAINS
0JBeWf23HFRgZonzHC5mk3,28WUkjJ1r5wPzZDX9W1jMB,CONTAINS
0JBeWf23HFRgZonzHC5mk3,28WUkjJ1r5wPzZDX9W1jK4,CONTAINS
0JBeWf23HFRgZonzHC5mk3,28WUkjJ1r5wPzZDX9W1jK5,CONTAINS
0JBeWf23HFRgZonzHC5mk3,28WUkjJ1r5wPzZDX9W1jtX,CONTAINS
0JBeWf23HFRgZonzHC5mk3,28WUkjJ1r5wPzZDX9W1jtY,CONTAINS
0JBeWf23HFRgZonzHC5mk3,1KGNuJkf5FjQZDFQ6We99x,CONTAINS
0JBeWf23HFRgZonzHC5mk3,1KGNuJkf5FjQZDFQ6We99w,CONTAINS
0JBeWf23HFRgZonzHC5mk3,1KGNuJkf5FjQZDFQ6We995,CONTAINS
0JBeWf23HFRgZonzHC5mk3,1KGNuJkf5FjQZDFQ6We994,CONTAINS
0JBeWf23HFRgZonzHC5mk3,1KGNuJkf5FjQZDFQ6We991,CONTAINS
0JBeWf23HFRgZonzHC5mk3,1KGNuJkf5FjQZDFQ6We990,CONTAINS
0JBeWf23HFRgZonzHC5mk3,1KGNuJkf5FjQZDFQ6We99C,CONTAINS
0JBeWf23HFRgZonzHC5mk3,1KGNuJkf5FjQZDFQ6We99E,CONTAINS
0JBeWf23HFRgZonzHC5mk3,1KGNuJkf5FjQZDFQ6We999,CONTAINS
0JBeWf23HFRgZonzHC5mk3,1KGNuJkf5FjQZDFQ6WeEa5,CONTAINS
0JBeWf23HFRgZonzHC5mk3,1KGNuJkf5FjQZDFQ6WeEa4,CONTAINS
0JBeWf23HFRgZonzHC5mk3,1KGNuJkf5FjQZDFQ6WeE5w,CONTAINS
0JBeWf23HFRgZonzHC4iVK,1KGNuJkf5FjQZDFQ6WeE55,CONTAINS
0JBeWf23HFRgZonzHC5mk3,1KGNuJkf5FjQZDFQ6WeFhK,CONTAINS
0JBeWf23HFRgZonzHC5mk3,1KGNuJkf5FjQZDFQ6WeFhN,CONTAINS
0JBeWf23HFRgZonzHC5mk3,0X2$ayW0v5dBNxK3e4nw7y,CONTAINS
0JBeWf23HFRgZonzHC5mk3,0X2$ayW0v5dBNxK3e4nw7$,CONTAINS
0JBeWf23HFRgZonzHC5mk3,0X2$ayW0v5dBNxK3e4nw7W,CONTAINS
0JBeWf23HFRgZonzHC5mk3,0X2$ayW0v5dBNxK3e4nw7Z,CONTAINS
0JBeWf23HFRgZonzHC5mk3,0X2$ayW0v5dBNxK3e4nxMS,CONTAINS
0JBeWf23HFRgZonzHC5mk3,0X2$ayW0v5dBNxK3e4nxMV,CONTAINS
0JBeWf23HFRgZonzHC5mk3,0X2$ayW0v5dBNxK3e4nxzp,CONTAINS
0JBeWf23HFRgZonzHC4iVK,0X2$ayW0v5dBNxK3e4nxzo,CONTAINS
0JBeWf23HFRgZonzHC5mk3,11MreptMzBDAizZWBG8_sf,CONTAINS
0JBeWf23HFRgZonzHC5mk3,11MreptMzBDAizZWBG8_se,CONTAINS
0JBeWf23HFRgZonzHC5mk3,11MreptMzBDAizZWBG8_si,CONTAINS
0JBeWf23HFRgZonzHC5mk3,11MreptMzBDAizZWBG8_ZS,CONTAINS
0JBeWf23HFRgZonzHC4iVK,11MreptMzBDAizZWBG8_Z3,CONTAINS
0JBeWf23HFRgZonzHC5mk3,11MreptMzBDAizZWBG8nTr,CONTAINS
0JBeWf23HFRgZonzHC5mk3,11MreptMzBDAizZWBG8nTq,CONTAINS
0JBeWf23HFRgZonzHC5mk3,11MreptMzBDAizZWBG8nuN,CONTAINS
0JBeWf23HFRgZonzHC5mk3,11MreptMzBDAizZWBG8nuM,CONTAINS
0JBeWf23HFRgZonzHC5mk3,11MreptMzBDAizZWBG8m1Q,CONTAINS
0JBeWf23HFRgZonzHC5mk3,11MreptMzBDAizZWBG8m1P,CONTAINS
0JBeWf23HFRgZonzHC5mk3,3GzoWuxxn4WO8bCtw8H0$r,CONTAINS
0JBeWf23HFRgZonzHC5mk3,3GzoWuxxn4WO8bCtw8H0$q,CONTAINS
0JBeWf23HFRgZonzHC5mk3,3GzoWuxxn4WO8bCtw8H0zk,CONTAINS
0JBeWf23HFRgZonzHC5mk3,3GzoWuxxn4WO8bCtw8H0zf,CONTAINS
0JBeWf23HFRgZonzHC4iHL,3GzoWuxxn4WO8bCtw8H3Bx,CONTAINS
0JBeWf23HFRgZonzHC5mk3,3GzoWuxxn4WO8bCtw8H3GM,CONTAINS
0JBeWf23HFRgZonzHC5mk3,3GzoWuxxn4WO8bCtw8H3GH,CONTAINS
0JBeWf23HFRgZonzHC5mk3,3GzoWuxxn4WO8bCtw8H3GG,CONTAINS
0JBeWf23HFRgZonzHC5mk3,3GzoWuxxn4WO8bCtw8H3GJ,CONTAINS
0JBeWf23HFRgZonzHC5mk3,3GzoWuxxn4WO8bCtw8H3GS,CONTAINS
0JBeWf23HFRgZonzHC5mk3,3GzoWuxxn4WO8bCtw8H3GV,CONTAINS
0JBeWf23HFRgZonzHC5mk3,3GzoWuxxn4WO8bCtw8H3GR,CONTAINS
0JBeWf23HFRgZonzHC5mk3,3GzoWuxxn4WO8bCtw8H3Gb,CONTAINS
0JBeWf23HFRgZonzHC5mk3,3GzoWuxxn4WO8bCtw8H3Ga,CONTAINS
0JBeWf23HFRgZonzHC5mk3,3GzoWuxxn4WO8bCtw8H3Gf,CONTAINS
0JBeWf23HFRgZonzHC5mk3,3GzoWuxxn4WO8bCtw8H3Ge,CONTAINS
0JBeWf23HFRgZonzHC5mk3,3GzoWuxxn4WO8bCtw8H3Go,CONTAINS
0JBeWf23HFRgZonzHC4iVK,3GzoWuxxn4WO8bCtw8H3Gz,CONTAINS
0JBeWf23HFRgZonzHC5mk3,2m6FhmO0r2OgRBRP7hD4gR,CONTAINS
0JBeWf23HFRgZonzHC5mk3,2m6FhmO0r2OgRBRP7hD4gQ,CONTAINS
0JBeWf23HFRgZonzHC5mk3,2m6FhmO0r2OgRBRP7hD4gK,CONTAINS
0JBeWf23HFRgZonzHC5mk3,2m6FhmO0r2OgRBRP7hD4gN,CONTAINS
0JBeWf23HFRgZonzHC5mk3,2m6FhmO0r2OgRBRP7hD4rW,CONTAINS
0JBeWf23HFRgZonzHC5mk3,2m6FhmO0r2OgRBRP7hD4rZ,CONTAINS
0JBeWf23HFRgZonzHC5mk3,2m6FhmO0r2OgRBRP7hD4nc,CONTAINS
0JBeWf23HFRgZonzHC5mk3,2m6FhmO0r2OgRBRP7hD4nX,CONTAINS
0JBeWf23HFRgZonzHC5mk3,2m6FhmO0r2OgRBRP7hD4nY,CONTAINS
0JBeWf23HFRgZonzHC5mk3,2m6FhmO0r2OgRBRP7hD42F,CONTAINS
0JBeWf23HFRgZonzHC5mk3,2m6FhmO0r2OgRBRP7hD42E,CONTAINS
0JBeWf23HFRgZonzHC5mk3,2m6FhmO0r2OgRBRP7hD428,CONTAINS
0JBeWf23HFRgZonzHC5mk3,2m6FhmO0r2OgRBRP7hD42B,CONTAINS
0JBeWf23HFRgZonzHC5mk3,2m6FhmO0r2OgRBRP7hD425,CONTAINS
0JBeWf23HFRgZonzHC5mk3,2m6FhmO0r2OgRBRP7hD424,CONTAINS
0JBeWf23HFRgZonzHC5mk3,2m6FhmO0r2OgRBRP7hD42V,CONTAINS
0JBeWf23HFRgZonzHC5mk3,2m6FhmO0r2OgRBRP7hD42U,CONTAINS
0JBeWf23HFRgZonzHC5mk3,2m6FhmO0r2OgRBRP7hD4Bu,CONTAINS
0JBeWf23HFRgZonzHC4iVK,2m6FhmO0r2OgRBRP7hD4Bx,CONTAINS
0JBeWf23HFRgZonzHC5mk3,2m6FhmO0r2OgRBRP7hD4V6,CONTAINS
0JBeWf23HFRgZonzHC5mk3,2m6FhmO0r2OgRBRP7hD4V1,CONTAINS
0JBeWf23HFRgZonzHC5mk3,2m6FhmO0r2OgRBRP7hD4OV,CONTAINS
0JBeWf23HFRgZonzHC5mk3,2v8sGyGFXDsRc80mj95l5K,CONTAINS
0JBeWf23HFRgZonzHC4iVK,2v8sGyGFXDsRc80mj95l5L,CONTAINS
0JBeWf23HFRgZonzHC5mk3,2v8sGyGFXDsRc80mj95l5H,CONTAINS
0JBeWf23HFRgZonzHC5mk3,2v8sGyGFXDsRc80mj95i02,CONTAINS
0JBeWf23HFRgZonzHC5mk3,2v8sGyGFXDsRc80mj95i03,CONTAINS
0JBeWf23HFRgZonzHC5mk3,2v8sGyGFXDsRc80mj95i26,CONTAINS
0JBeWf23HFRgZonzHC5mk3,2v8sGyGFXDsRc80mj95i27,CONTAINS
0JBeWf23HFRgZonzHC5mk3,2v8sGyGFXDsRc80mj95i21,CONTAINS
0JBeWf23HFRgZonzHC5mk3,2v8sGyGFXDsRc80mj95i22,CONTAINS
0JBeWf23HFRgZonzHC5mk3,2v8sGyGFXDsRc80mj95i8k,CONTAINS
0JBeWf23HFRgZonzHC5mk3,2v8sGyGFXDsRc80mj95iGc,CONTAINS
0JBeWf23HFRgZonzHC5mk3,2v8sGyGFXDsRc80mj95iGd,CONTAINS
0JBeWf23HFRgZonzHC5mk3,2v8sGyGFXDsRc80mj95iGX,CONTAINS
0JBeWf23HFRgZonzHC5mk3,2v8sGyGFXDsRc80mj95iGY,CONTAINS
0JBeWf23HFRgZonzHC5mk3,2v8sGyGFXDsRc80mj95iIq,CONTAINS
0JBeWf23HFRgZonzHC5mk3,2v8sGyGFXDsRc80mj95iIr,CONTAINS
0JBeWf23HFRgZonzHC5mk3,3Icxn5iZD46RLnvfRjDRHb,CONTAINS
0JBeWf23HFRgZonzHC5mk3,3Icxn5iZD46RLnvfRjDRHa,CONTAINS
0JBeWf23HFRgZonzHC4iHL,0xKelnDbLBsf$3TAffmU3X,CONTAINS
0JBeWf23HFRgZonzHC5mYt,1KMtYLyv9CyfGv8UjnM8dU,CONTAINS
0JBeWf23HFRgZonzHC5mYt,2dAxltRn524vY2d5KNMrcT,CONTAINS
0JBeWf23HFRgZonzHC5mYt,1cFRppLhj948bTrzz_An7g,CONTAINS
0JBeWf23HFRgZonzHC5mYt,1cFRppLhj948bTrzz_An7i,CONTAINS
0JBeWf23HFRgZonzHC5mYt,1cFRppLhj948bTrzz_An7Q,CONTAINS
0JBeWf23HFRgZonzHC5mYt,1cFRppLhj948bTrzz_An6e,CONTAINS
0JBeWf23HFRgZonzHC5mYt,1cFRppLhj948bTrzz_An6o,CONTAINS
0JBeWf23HFRgZonzHC5mYt,1cFRppLhj948bTrzz_An6q,CONTAINS
0JBeWf23HFRgZonzHC5mYt,1cFRppLhj948bTrzz_An6_,CONTAINS
0JBeWf23HFRgZonzHC5mYt,1cFRppLhj948bTrzz_An60,CONTAINS
0JBeWf23HFRgZonzHC5mYt,1cFRppLhj948bTrzz_An6O,CONTAINS
0JBeWf23HFRgZonzHC5mYt,1cFRppLhj948bTrzz_Aoxm,CONTAINS
0JBeWf23HFRgZonzHC5mYt,1cFRppLhj948bTrzz_Aoxw,CONTAINS
0JBeWf23HFRgZonzHC5mYt,1cFRppLhj948bTrzz_Aoxy,CONTAINS
0JBeWf23HFRgZonzHC5mYt,1cFRppLhj948bTrzz_AoxP,CONTAINS
0JBeWf23HFRgZonzHC5mYt,1cFRppLhj948bTrzz_AowZ,CONTAINS
0JBeWf23HFRgZonzHC5mYt,1cFRppLhj948bTrzz_Aowb,CONTAINS
0JBeWf23HFRgZonzHC4iHL,2BLn4xX2vF_gM9G5wfbVWH,CONTAINS
0JBeWf23HFRgZonzHC4iHL,2BLn4xX2vF_gM9G5wfbV3X,CONTAINS
0JBeWf23HFRgZonzHC4iHL,2BLn4xX2vF_gM9G5wfbPcq,CONTAINS
0JBeWf23HFRgZonzHC4iHL,2BLn4xX2vF_gM9G5wfbPcr,CONTAINS
0JBeWf23HFRgZonzHC4iHL,2BLn4xX2vF_gM9G5wfbPYf,CONTAINS
0JBeWf23HFRgZonzHC4iHL,2BLn4xX2vF_gM9G5wfbPYg,CONTAINS
0JBeWf23HFRgZonzHC4iHL,2BLn4xX2vF_gM9G5wfbPVn,CONTAINS
0JBeWf23HFRgZonzHC4iHL,2BLn4xX2vF_gM9G5wfbPVo,CONTAINS
0JBeWf23HFRgZonzHC4iHL,2BLn4xX2vF_gM9G5wfbPMI,CONTAINS
0JBeWf23HFRgZonzHC4iHL,2BLn4xX2vF_gM9G5wfbPMJ,CONTAINS
0JBeWf23HFRgZonzHC4iHL,2BLn4xX2vF_gM9G5wfbPNj,CONTAINS
0JBeWf23HFRgZonzHC4iHL,2BLn4xX2vF_gM9G5wfbPNk,CONTAINS
0JBeWf23HFRgZonzHC4iHL,2BLn4xX2vF_gM9G5wfbPNz,CONTAINS
0JBeWf23HFRgZonzHC4iHL,2BLn4xX2vF_gM9G5wfbPN_,CONTAINS
0JBeWf23HFRgZonzHC5mYt,3kW2in6T58YuHUVjUiIHHY,CONTAINS
0JBeWf23HFRgZonzHC5mYt,1N4ygrFWX08Q8J7Fws7pYK,CONTAINS
0JBeWf23HFRgZonzHC5mk3,3U8bdGexDEOw9DXBmULrPa,CONTAINS
0JBeWf23HFRgZonzHC5mk3,3U8bdGexDEOw9DXBmULrPx,CONTAINS
0JBeWf23HFRgZonzHC5mk3,3U8bdGexDEOw9DXBmULrqF,CONTAINS
0JBeWf23HFRgZonzHC5mk3,3U8bdGexDEOw9DXBmULrqE,CONTAINS
0JBeWf23HFRgZonzHC5mYt,1q9pLykVT2tOtz_4Xjbv1L,CONTAINS
0JBeWf23HFRgZonzHC5mYt,1q9pLykVT2tOtz_4Xjbv1J,CONTAINS
0JBeWf23HFRgZonzHC5mYt,1q9pLykVT2tOtz_4Xjbv1P,CONTAINS
0JBeWf23HFRgZonzHC5mYt,1q9pLykVT2tOtz_4Xjbv75,CONTAINS
0JBeWf23HFRgZonzHC5mYt,1q9pLykVT2tOtz_4Xjbv7l,CONTAINS
0JBeWf23HFRgZonzHC4iHL,3pFbansyD0KOHFtJHrTtxh,CONTAINS
0JBeWf23HFRgZonzHC4iHL,3pFbansyD0KOHFtJHrTtxg,CONTAINS
0JBeWf23HFRgZonzHC4iHL,3pFbansyD0KOHFtJHrTtaZ,CONTAINS
0JBeWf23HFRgZonzHC4iHL,3pFbansyD0KOHFtJHrTtaY,CONTAINS
0JBeWf23HFRgZonzHC4iHL,3pFbansyD0KOHFtJHrTtYe,CONTAINS
0JBeWf23HFRgZonzHC4iHL,3pFbansyD0KOHFtJHrTtYN,CONTAINS
0JBeWf23HFRgZonzHC4iHL,3pFbansyD0KOHFtJHrTtYM,CONTAINS
0JBeWf23HFRgZonzHC4iHL,3pFbansyD0KOHFtJHrTtYL,CONTAINS
0JBeWf23HFRgZonzHC4iHL,3pFbansyD0KOHFtJHrTtYI,CONTAINS
0JBeWf23HFRgZonzHC4iHL,3pFbansyD0KOHFtJHrTtYH,CONTAINS
0JBeWf23HFRgZonzHC4iHL,3pFbansyD0KOHFtJHrTtYV,CONTAINS
0JBeWf23HFRgZonzHC4iHL,3pFbansyD0KOHFtJHrTtYT,CONTAINS
0JBeWf23HFRgZonzHC4iHL,3pFbansyD0KOHFtJHrTtYS,CONTAINS
0JBeWf23HFRgZonzHC4iHL,3pFbansyD0KOHFtJHrTtYQ,CONTAINS
0JBeWf23HFRgZonzHC4iHL,3pFbansyD0KOHFtJHrTtYP,CONTAINS
0JBeWf23HFRgZonzHC4iHL,3pFbansyD0KOHFtJHrTtjl,CONTAINS
0JBeWf23HFRgZonzHC4iHL,3pFbansyD0KOHFtJHrTtjk,CONTAINS
0JBeWf23HFRgZonzHC4iHL,3pFbansyD0KOHFtJHrTtji,CONTAINS
0JBeWf23HFRgZonzHC4iHL,3pFbansyD0KOHFtJHrTtjh,CONTAINS
0JBeWf23HFRgZonzHC4iHL,3pFbansyD0KOHFtJHrTtey,CONTAINS
0JBeWf23HFRgZonzHC4iHL,3pFbansyD0KOHFtJHrTtex,CONTAINS
0JBeWf23HFRgZonzHC4iHL,3pFbansyD0KOHFtJHrTtev,CONTAINS
0JBeWf23HFRgZonzHC4iHL,3pFbansyD0KOHFtJHrTteu,CONTAINS
0JBeWf23HFRgZonzHC4iHL,3pFbansyD0KOHFtJHrTtec,CONTAINS
0JBeWf23HFRgZonzHC4iHL,3pFbansyD0KOHFtJHrTteb,CONTAINS
0JBeWf23HFRgZonzHC4iHL,3pFbansyD0KOHFtJHrTsKe,CONTAINS
0JBeWf23HFRgZonzHC4iHL,3pFbansyD0KOHFtJHrTsKN,CONTAINS
0JBeWf23HFRgZonzHC4iHL,3pFbansyD0KOHFtJHrTsKL,CONTAINS
0JBeWf23HFRgZonzHC4iHL,3pFbansyD0KOHFtJHrTsKK,CONTAINS
0JBeWf23HFRgZonzHC4iHL,3pFbansyD0KOHFtJHrTsVO,CONTAINS
0JBeWf23HFRgZonzHC4iHL,3pFbansyD0KOHFtJHrTsV7,CONTAINS
0JBeWf23HFRgZonzHC4iHL,3pFbansyD0KOHFtJHrTsV5,CONTAINS
0JBeWf23HFRgZonzHC4iHL,3pFbansyD0KOHFtJHrTsV4,CONTAINS
0JBeWf23HFRgZonzHC4iHL,3pFbansyD0KOHFtJHrTsPI,CONTAINS
0JBeWf23HFRgZonzHC4iHL,3pFbansyD0KOHFtJHrTsPH,CONTAINS
0JBeWf23HFRgZonzHC4iHL,3pFbansyD0KOHFtJHrTsPV,CONTAINS
0JBeWf23HFRgZonzHC4iHL,3pFbansyD0KOHFtJHrTsPU,CONTAINS
0JBeWf23HFRgZonzHC4iHL,3pFbansyD0KOHFtJHrTsPS,CONTAINS
0JBeWf23HFRgZonzHC4iHL,3pFbansyD0KOHFtJHrTsPR,CONTAINS
0JBeWf23HFRgZonzHC5mk3,0qKJYWbnv5I8o6vyLfHiOe,CONTAINS
0JBeWf23HFRgZonzHC5mk3,0qKJYWbnv5I8o6vyLfHiPN,CONTAINS
0JBeWf23HFRgZonzHC5mk3,0qKJYWbnv5I8o6vyLfHiPM,CONTAINS
0JBeWf23HFRgZonzHC5mk3,0qKJYWbnv5I8o6vyLfHiPL,CONTAINS
0JBeWf23HFRgZonzHC5mk3,0qKJYWbnv5I8o6vyLfHiPI,CONTAINS
0JBeWf23HFRgZonzHC5mk3,0qKJYWbnv5I8o6vyLfHiPH,CONTAINS
0JBeWf23HFRgZonzHC5mk3,0qKJYWbnv5I8o6vyLfHiPT,CONTAINS
0JBeWf23HFRgZonzHC5mk3,0qKJYWbnv5I8o6vyLfHiQj,CONTAINS
0JBeWf23HFRgZonzHC5mk3,0qKJYWbnv5I8o6vyLfHiQi,CONTAINS
0JBeWf23HFRgZonzHC5mk3,0qKJYWbnv5I8o6vyLfHipc,CONTAINS
0JBeWf23HFRgZonzHC5mk3,0qKJYWbnv5I8o6vyLfHipb,CONTAINS
0JBeWf23HFRgZonzHC5mk3,0qKJYWbnv5I8o6vyLfHjHk,CONTAINS
0JBeWf23HFRgZonzHC5mk3,0qKJYWbnv5I8o6vyLfHjHj,CONTAINS
0JBeWf23HFRgZonzHC5mk3,0qKJYWbnv5I8o6vyLfHjHh,CONTAINS
0JBeWf23HFRgZonzHC5mk3,0qKJYWbnv5I8o6vyLfHjHg,CONTAINS
0JBeWf23HFRgZonzHC5mk3,0qKJYWbnv5I8o6vyLfHjHe,CONTAINS
0JBeWf23HFRgZonzHC5mk3,0qKJYWbnv5I8o6vyLfHjIN,CONTAINS
0JBeWf23HFRgZonzHC5mk3,0qKJYWbnv5I8o6vyLfHjir,CONTAINS
0JBeWf23HFRgZonzHC5mk3,0qKJYWbnv5I8o6vyLfHjiq,CONTAINS
0JBeWf23HFRgZonzHC5mk3,0qKJYWbnv5I8o6vyLfHjip,CONTAINS
0JBeWf23HFRgZonzHC5mk3,0qKJYWbnv5I8o6vyLfHjio,CONTAINS
0JBeWf23HFRgZonzHC5mk3,0qKJYWbnv5I8o6vyLfHji$,CONTAINS
0JBeWf23HFRgZonzHC5mk3,0qKJYWbnv5I8o6vyLfHji_,CONTAINS
0JBeWf23HFRgZonzHC5mk3,0qKJYWbnv5I8o6vyLfHjiw,CONTAINS
0JBeWf23HFRgZonzHC5mk3,0qKJYWbnv5I8o6vyLfHjiu,CONTAINS
0JBeWf23HFRgZonzHC5mk3,0qKJYWbnv5I8o6vyLfHjid,CONTAINS
0JBeWf23HFRgZonzHC5mk3,0qKJYWbnv5I8o6vyLfHje7,CONTAINS
0JBeWf23HFRgZonzHC4iVK,0qKJYWbnv5I8o6vyLfHje6,CONTAINS
0JBeWf23HFRgZonzHC5mk3,0qKJYWbnv5I8o6vyLfHjnp,CONTAINS
0JBeWf23HFRgZonzHC5mk3,0qKJYWbnv5I8o6vyLfHjno,CONTAINS
0JBeWf23HFRgZonzHC5mk3,0qKJYWbnv5I8o6vyLfHj$1,CONTAINS
0JBeWf23HFRgZonzHC5mk3,0qKJYWbnv5I8o6vyLfHj$0,CONTAINS
0JBeWf23HFRgZonzHC5mk3,0qdpkovdH5RgxJU7gsxrr1,CONTAINS
0JBeWf23HFRgZonzHC5mk3,0qdpkovdH5RgxJU7gsxrnL,CONTAINS
0JBeWf23HFRgZonzHC5mk3,0qdpkovdH5RgxJU7gsxrnK,CONTAINS
0JBeWf23HFRgZonzHC5mk3,0qdpkovdH5RgxJU7gsxr5u,CONTAINS
0JBeWf23HFRgZonzHC5mk3,0qdpkovdH5RgxJU7gsxr27,CONTAINS
0JBeWf23HFRgZonzHC5mk3,0qdpkovdH5RgxJU7gsxr25,CONTAINS
0JBeWf23HFRgZonzHC5mk3,0qdpkovdH5RgxJU7gsxr24,CONTAINS
0JBeWf23HFRgZonzHC5mk3,2IzmleSW1Dlx86K0hfkLXi,CONTAINS
0JBeWf23HFRgZonzHC5mk3,2IzmleSW1Dlx86K0hfkLXj,CONTAINS
0JBeWf23HFRgZonzHC5mk3,2IzmleSW1Dlx86K0hfkLg2,CONTAINS
0JBeWf23HFRgZonzHC5mk3,2IzmleSW1Dlx86K0hfkLfJ,CONTAINS
0JBeWf23HFRgZonzHC5mk3,2IzmleSW1Dlx86K0hfkLe_,CONTAINS
0JBeWf23HFRgZonzHC5mk3,0fjrUmmzDB4fngo1stt0Lp,CONTAINS
0JBeWf23HFRgZonzHC5mk3,0fjrUmmzDB4fngo1stt0Lo,CONTAINS
0JBeWf23HFRgZonzHC5mk3,0fjrUmmzDB4fngo1stt0Ll,CONTAINS
0JBeWf23HFRgZonzHC5mk3,0fjrUmmzDB4fngo1stt0Lk,CONTAINS
0JBeWf23HFRgZonzHC5mk3,0fjrUmmzDB4fngo1stt0Lh,CONTAINS
0JBeWf23HFRgZonzHC5mk3,0fjrUmmzDB4fngo1stt0Lb,CONTAINS
0JBeWf23HFRgZonzHC5mk3,0fjrUmmzDB4fngo1stt0La,CONTAINS
0JBeWf23HFRgZonzHC5mk3,0fjrUmmzDB4fngo1stt0Lc,CONTAINS
0JBeWf23HFRgZonzHC5mk3,0fjrUmmzDB4fngo1stt0LX,CONTAINS
0JBeWf23HFRgZonzHC5mk3,0fjrUmmzDB4fngo1stt0Md,CONTAINS
0JBeWf23HFRgZonzHC5mk3,0fjrUmmzDB4fngo1stt0Mc,CONTAINS
0JBeWf23HFRgZonzHC5mk3,0fjrUmmzDB4fngo1stt0Na,CONTAINS
0JBeWf23HFRgZonzHC5mk3,0fjrUmmzDB4fngo1stt0Nd,CONTAINS
0JBeWf23HFRgZonzHC5mk3,0fjrUmmzDB4fngo1stt0NW,CONTAINS
0JBeWf23HFRgZonzHC5mk3,0fjrUmmzDB4fngo1stt0NZ,CONTAINS
0JBeWf23HFRgZonzHC5mk3,0fjrUmmzDB4fngo1stt0NT,CONTAINS
0JBeWf23HFRgZonzHC5mk3,0fjrUmmzDB4fngo1stt0NS,CONTAINS
0JBeWf23HFRgZonzHC5mk3,0fjrUmmzDB4fngo1stt3am,CONTAINS
0JBeWf23HFRgZonzHC5mk3,0fjrUmmzDB4fngo1stt3Z5,CONTAINS
0JBeWf23HFRgZonzHC5mk3,0fjrUmmzDB4fngo1stt3Z4,CONTAINS
0JBeWf23HFRgZonzHC5mk3,0fjrUmmzDB4fngo1stt3rz,CONTAINS
0JBeWf23HFRgZonzHC5mk3,0fjrUmmzDB4fngo1stt3ry,CONTAINS
0JBeWf23HFRgZonzHC5mk3,0fjrUmmzDB4fngo1stt3Fi,CONTAINS
0JBeWf23HFRgZonzHC5mk3,0fjrUmmzDB4fngo1stt3FL,CONTAINS
0JBeWf23HFRgZonzHC5mk3,0fjrUmmzDB4fngo1stt38_,CONTAINS
0JBeWf23HFRgZonzHC5mk3,0fjrUmmzDB4fngo1stt393,CONTAINS
0JBeWf23HFRgZonzHC5mk3,0fjrUmmzDB4fngo1stt392,CONTAINS
0JBeWf23HFRgZonzHC5mk3,0fjrUmmzDB4fngo1stt3AF,CONTAINS
0JBeWf23HFRgZonzHC5mk3,0fjrUmmzDB4fngo1stt3AE,CONTAINS
0JBeWf23HFRgZonzHC5mk3,0fjrUmmzDB4fngo1stt3Ty,CONTAINS
0JBeWf23HFRgZonzHC5mk3,0fjrUmmzDB4fngo1stt3T$,CONTAINS
0JBeWf23HFRgZonzHC5mk3,0fjrUmmzDB4fngo1stt3Ub,CONTAINS
0JBeWf23HFRgZonzHC5mk3,0fjrUmmzDB4fngo1stt3Ua,CONTAINS
0JBeWf23HFRgZonzHC5mk3,2X_OhCV2r4iwXNvH5Dk$Fj,CONTAINS
0JBeWf23HFRgZonzHC5mk3,2X_OhCV2r4iwXNvH5Dk$Fi,CONTAINS
0JBeWf23HFRgZonzHC5nGM,0Um_J2ClP45uPRcRbJqe3T,CONTAINS
0JBeWf23HFRgZonzHC5nGM,0Um_J2ClP45uPRcRbJqeCt,CONTAINS
0JBeWf23HFRgZonzHC5nGM,0Um_J2ClP45uPRcRbJqeAt,CONTAINS
0JBeWf23HFRgZonzHC5nGM,0Um_J2ClP45uPRcRbJqeBQ,CONTAINS
0JBeWf23HFRgZonzHC5nGM,0Um_J2ClP45uPRcRbJqeBj,CONTAINS
0JBeWf23HFRgZonzHC5nGM,0Um_J2ClP45uPRcRbJqeBm,CONTAINS
0JBeWf23HFRgZonzHC5nGM,0Um_J2ClP45uPRcRbJqe8R,CONTAINS
0JBeWf23HFRgZonzHC5nGM,0Um_J2ClP45uPRcRbJqe8k,CONTAINS
0JBeWf23HFRgZonzHC5nGM,0Um_J2ClP45uPRcRbJqe8n,CONTAINS
0JBeWf23HFRgZonzHC5nGM,0Um_J2ClP45uPRcRbJqhsP,CONTAINS
0JBeWf23HFRgZonzHC5nGM,0Um_J2ClP45uPRcRbJqhsw,CONTAINS
0JBeWf23HFRgZonzHC5nGM,0Um_J2ClP45uPRcRbJqhsv,CONTAINS
0JBeWf23HFRgZonzHC5nGM,0Um_J2ClP45uPRcRbJqhsm,CONTAINS
0JBeWf23HFRgZonzHC5nGM,0Um_J2ClP45uPRcRbJqhst,CONTAINS
0JBeWf23HFRgZonzHC5nGM,0Um_J2ClP45uPRcRbJqhtE,CONTAINS
0JBeWf23HFRgZonzHC5nGM,0Um_J2ClP45uPRcRbJqhtD,CONTAINS
0JBeWf23HFRgZonzHC5nGM,0Um_J2ClP45uPRcRbJqhtO,CONTAINS
0JBeWf23HFRgZonzHC5nGM,0Um_J2ClP45uPRcRbJqhtV,CONTAINS
0JBeWf23HFRgZonzHC5nGM,0Um_J2ClP45uPRcRbJqhtg,CONTAINS
0JBeWf23HFRgZonzHC5nGM,0Um_J2ClP45uPRcRbJqhtf,CONTAINS
0JBeWf23HFRgZonzHC5nGM,0Um_J2ClP45uPRcRbJqhta,CONTAINS
0JBeWf23HFRgZonzHC5nGM,0Um_J2ClP45uPRcRbJqhtx,CONTAINS
0JBeWf23HFRgZonzHC5nGM,0Um_J2ClP45uPRcRbJqhts,CONTAINS
0JBeWf23HFRgZonzHC4iHL,2I1hX40SDEbAFJeZO_2_Bt,CONTAINS
0JBeWf23HFRgZonzHC4iHL,2I1hX40SDEbAFJeZO_2_A2,CONTAINS
0JBeWf23HFRgZonzHC4iHL,2I1hX40SDEbAFJeZO_2_AT,CONTAINS
0JBeWf23HFRgZonzHC4iHL,2I1hX40SDEbAFJeZO_2_AY,CONTAINS
0JBeWf23HFRgZonzHC4iHL,2I1hX40SDEbAFJeZO_2_99,CONTAINS
0JBeWf23HFRgZonzHC4iHL,2I1hX40SDEbAFJeZO_2_9Q,CONTAINS
0JBeWf23HFRgZonzHC4iHL,2I1hX40SDEbAFJeZO_2_9L,CONTAINS
0JBeWf23HFRgZonzHC4iHL,2I1hX40SDEbAFJeZO_2_9W,CONTAINS
0JBeWf23HFRgZonzHC4iHL,2I1hX40SDEbAFJeZO_2_9r,CONTAINS
0JBeWf23HFRgZonzHC4iHL,2I1hX40SDEbAFJeZO_2_80,CONTAINS
0JBeWf23HFRgZonzHC4iHL,2I1hX40SDEbAFJeZO_2_8R,CONTAINS
0JBeWf23HFRgZonzHC4iHL,2I1hX40SDEbAFJeZO_2_8M,CONTAINS
0JBeWf23HFRgZonzHC4iHL,2I1hX40SDEbAFJeZO_2_F8,CONTAINS
0JBeWf23HFRgZonzHC4iHL,2I1hX40SDEbAFJeZO_2_F7,CONTAINS
0JBeWf23HFRgZonzHC4iHL,2I1hX40SDEbAFJeZO_2_Fu,CONTAINS
0JBeWf23HFRgZonzHC4iHL,2I1hX40SDEbAFJeZO_2_EE,CONTAINS
0JBeWf23HFRgZonzHC4iHL,2I1hX40SDEbAFJeZO_2_EP,CONTAINS
0JBeWf23HFRgZonzHC4iHL,2I1hX40SDEbAFJeZO_2_Ev,CONTAINS
0JBeWf23HFRgZonzHC4iHL,2I1hX40SDEbAFJeZO_2_DX,CONTAINS
0JBeWf23HFRgZonzHC4iHL,2I1hX40SDEbAFJeZO_2_Dy,CONTAINS
0JBeWf23HFRgZonzHC4iHL,2I1hX40SDEbAFJeZO_2_Dt,CONTAINS
0JBeWf23HFRgZonzHC4iHL,2I1hX40SDEbAFJeZO_2_C2,CONTAINS
0JBeWf23HFRgZonzHC4iHL,2I1hX40SDEbAFJeZO_2_CV,CONTAINS
0JBeWf23HFRgZonzHC4iHL,2fypDDb212M80XzLYYLej3,CONTAINS
0JBeWf23HFRgZonzHC4iHL,2SEl4sI2X1JhqYqQydYucp,CONTAINS
0JBeWf23HFRgZonzHC4iHL,2SEl4sI2X1JhqYqQydYudQ,CONTAINS
0JBeWf23HFRgZonzHC4iHL,2SEl4sI2X1JhqYqQydYu$M,CONTAINS
0JBeWf23HFRgZonzHC4iHL,2SEl4sI2X1JhqYqQydYu$f,CONTAINS
0JBeWf23HFRgZonzHC4iHL,2SEl4sI2X1JhqYqQydYuun,CONTAINS
0JBeWf23HFRgZonzHC4iHL,2SEl4sI2X1JhqYqQydYuuW,CONTAINS
0JBeWf23HFRgZonzHC4iHL,2SEl4sI2X1JhqYqQydYuv1,CONTAINS
0JBeWf23HFRgZonzHC4iHL,2SEl4sI2X1JhqYqQydYuvW,CONTAINS
0JBeWf23HFRgZonzHC4iHL,2SEl4sI2X1JhqYqQydYuw7,CONTAINS
0JBeWf23HFRgZonzHC4iHL,2SEl4sI2X1JhqYqQydYuwW,CONTAINS
0JBeWf23HFRgZonzHC4iHL,2SEl4sI2X1JhqYqQydYux7,CONTAINS
0JBeWf23HFRgZonzHC5mk3,2SEl4sI2X1JhqYqQydYuxc,CONTAINS
0JBeWf23HFRgZonzHC5mk3,2SEl4sI2X1JhqYqQydYuq4,CONTAINS
0JBeWf23HFRgZonzHC4iHL,2SEl4sI2X1JhqYqQydYurV,CONTAINS
0JBeWf23HFRgZonzHC5mk3,2SEl4sI2X1JhqYqQydYv4D,CONTAINS
0JBeWf23HFRgZonzHC5mk3,2SEl4sI2X1JhqYqQydYviQ,CONTAINS
0JBeWf23HFRgZonzHC5mk3,2SEl4sI2X1JhqYqQydYviP,CONTAINS
0JBeWf23HFRgZonzHC4iHL,2SEl4sI2X1JhqYqQydYvhp,CONTAINS
0JBeWf23HFRgZonzHC4iHL,2SEl4sI2X1JhqYqQydYva7,CONTAINS
0JBeWf23HFRgZonzHC4iHL,2SEl4sI2X1JhqYqQydYv$Y,CONTAINS
0JBeWf23HFRgZonzHC4iHL,0ifV7awIzBlRVUTYG1zpXQ,CONTAINS
0JBeWf23HFRgZonzHC4iHL,0ifV7awIzBlRVUTYG1zpcr,CONTAINS
0JBeWf23HFRgZonzHC4iHL,0ifV7awIzBlRVUTYG1zpc8,CONTAINS
0JBeWf23HFRgZonzHC4iHL,0ifV7awIzBlRVUTYG1zpd3,CONTAINS
0JBeWf23HFRgZonzHC4iHL,0ifV7awIzBlRVUTYG1zpa9,CONTAINS
0JBeWf23HFRgZonzHC4iHL,0ifV7awIzBlRVUTYG1zpbQ,CONTAINS
0JBeWf23HFRgZonzHC4iHL,0ifV7awIzBlRVUTYG1zpbL,CONTAINS
0JBeWf23HFRgZonzHC4iHL,0ifV7awIzBlRVUTYG1zpg5,CONTAINS
0JBeWf23HFRgZonzHC4iHL,0ifV7awIzBlRVUTYG1zpg4,CONTAINS
0JBeWf23HFRgZonzHC4iHL,0ifV7awIzBlRVUTYG1zpuT,CONTAINS
0JBeWf23HFRgZonzHC4iHL,0ifV7awIzBlRVUTYG1zpvk,CONTAINS
0JBeWf23HFRgZonzHC5nGM,0ifV7awIzBlRVUTYG1zp2K,CONTAINS
0JBeWf23HFRgZonzHC5nGM,0ifV7awIzBlRVUTYG1zp29,CONTAINS
0JBeWf23HFRgZonzHC5nGM,0ifV7awIzBlRVUTYG1zp3v,CONTAINS
0JBeWf23HFRgZonzHC5nGM,0ifV7awIzBlRVUTYG1zp3s,CONTAINS
0JBeWf23HFRgZonzHC5nGM,0ifV7awIzBlRVUTYG1zp3l,CONTAINS
0JBeWf23HFRgZonzHC5nGM,0ifV7awIzBlRVUTYG1zp3a,CONTAINS
0JBeWf23HFRgZonzHC5nGM,0ifV7awIzBlRVUTYG1zp0F,CONTAINS
0JBeWf23HFRgZonzHC5nGM,0ifV7awIzBlRVUTYG1zp7Z,CONTAINS
0JBeWf23HFRgZonzHC5mk3,2sG0Vcmgb1Uverjtj49zir,CONTAINS
0JBeWf23HFRgZonzHC5mk3,3DRhHSTRP15ukUYu1G74bs,CONTAINS
0JBeWf23HFRgZonzHC5mk3,3DRhHSTRP15ukUYu1G74a9,CONTAINS
0JBeWf23HFRgZonzHC5mk3,0Zs4aBjAr5AggJ3MVmSIIU,CONTAINS
0JBeWf23HFRgZonzHC5mk3,0Zs4aBjAr5AggJ3MVmSII5,CONTAINS
0JBeWf23HFRgZonzHC5mk3,0Zs4aBjAr5AggJ3MVmSII4,CONTAINS
0JBeWf23HFRgZonzHC5mk3,0Zs4aBjAr5AggJ3MVmSIFO,CONTAINS
0JBeWf23HFRgZonzHC5mk3,02b4vxvtD5HBo2EeUI65Me,CONTAINS
0JBeWf23HFRgZonzHC5mk3,1KGNuJkf5FjQZDFQ6We993,CONTAINS
0JBeWf23HFRgZonzHC5mk3,1KGNuJkf5FjQZDFQ6WeEBc,CONTAINS
0JBeWf23HFRgZonzHC5mk3,1KGNuJkf5FjQZDFQ6WeEBX,CONTAINS
0JBeWf23HFRgZonzHC5mk3,1KGNuJkf5FjQZDFQ6WeEFB,CONTAINS
0JBeWf23HFRgZonzHC5mk3,0X2$ayW0v5dBNxK3e4nw7Y,CONTAINS
0JBeWf23HFRgZonzHC5mk3,11MreptMzBDAizZWBG8_sl,CONTAINS
0JBeWf23HFRgZonzHC5mk3,11MreptMzBDAizZWBG8mO0,CONTAINS
0JBeWf23HFRgZonzHC5mk3,11MreptMzBDAizZWBG8mO7,CONTAINS
0JBeWf23HFRgZonzHC5mk3,3GzoWuxxn4WO8bCtw8H3GU,CONTAINS
0JBeWf23HFRgZonzHC5mk3,3GzoWuxxn4WO8bCtw8H3Gu,CONTAINS
0JBeWf23HFRgZonzHC5mk3,3GzoWuxxn4WO8bCtw8H3Gx,CONTAINS
0JBeWf23HFRgZonzHC5mk3,3GzoWuxxn4WO8bCtw8H3Gw,CONTAINS
0JBeWf23HFRgZonzHC5mk3,2m6FhmO0r2OgRBRP7hD2KW,CONTAINS
0JBeWf23HFRgZonzHC5mk3,2m6FhmO0r2OgRBRP7hD2KZ,CONTAINS
0JBeWf23HFRgZonzHC5mk3,2m6FhmO0r2OgRBRP7hD2KY,CONTAINS
0JBeWf23HFRgZonzHC5mk3,2m6FhmO0r2OgRBRP7hD4nW,CONTAINS
0JBeWf23HFRgZonzHC5mk3,2m6FhmO0r2OgRBRP7hD4Ix,CONTAINS
0JBeWf23HFRgZonzHC5mk3,2m6FhmO0r2OgRBRP7hD4Iw,CONTAINS
0JBeWf23HFRgZonzHC5mk3,2v8sGyGFXDsRc80mj95lHO,CONTAINS
0JBeWf23HFRgZonzHC5mk3,2v8sGyGFXDsRc80mj95lIw,CONTAINS
0JBeWf23HFRgZonzHC5mYt,1cFRppLhj948bTrzz_Apvj,CONTAINS
0JBeWf23HFRgZonzHC5mYt,1q9pLykVT2tOtz_4XjbvQn,CONTAINS
0JBeWf23HFRgZonzHC5mYt,1q9pLykVT2tOtz_4XjbvQm,CONTAINS
0JBeWf23HFRgZonzHC5mYt,1q9pLykVT2tOtz_4XjbvMR,CONTAINS
0JBeWf23HFRgZonzHC5mYt,1q9pLykVT2tOtz_4XjbvLy,CONTAINS
0JBeWf23HFRgZonzHC4iHL,3pFbansyD0KOHFtJHrTtyw,CONTAINS
0JBeWf23HFRgZonzHC4iHL,3pFbansyD0KOHFtJHrTtyv,CONTAINS
0JBeWf23HFRgZonzHC4iHL,3pFbansyD0KOHFtJHrTt_f,CONTAINS
0JBeWf23HFRgZonzHC4iHL,3pFbansyD0KOHFtJHrTt_e,CONTAINS
0JBeWf23HFRgZonzHC5mk3,0qKJYWbnv5I8o6vyLfHiPG,CONTAINS
0JBeWf23HFRgZonzHC5mk3,0qKJYWbnv5I8o6vyLfHjMt,CONTAINS
0JBeWf23HFRgZonzHC5mk3,0qKJYWbnv5I8o6vyLfHjMs,CONTAINS
0JBeWf23HFRgZonzHC5mk3,0qKJYWbnv5I8o6vyLfHjMr,CONTAINS
0JBeWf23HFRgZonzHC5mk3,0qKJYWbnv5I8o6vyLfHjiz,CONTAINS
0JBeWf23HFRgZonzHC5mk3,0qKJYWbnv5I8o6vyLfHg1B,CONTAINS
0JBeWf23HFRgZonzHC5mk3,0qKJYWbnv5I8o6vyLfHg2K,CONTAINS
0JBeWf23HFRgZonzHC5mk3,0qKJYWbnv5I8o6vyLfHg2z,CONTAINS
0JBeWf23HFRgZonzHC5mk3,3XuKtrI0jD5PlAb3LVW6T3,CONTAINS
0JBeWf23HFRgZonzHC5mk3,3XuKtrI0jD5PlAb3LVW6T0,CONTAINS
0JBeWf23HFRgZonzHC5mk3,3XuKtrI0jD5PlAb3LVW6Hv,CONTAINS
0JBeWf23HFRgZonzHC5mk3,0fjrUmmzDB4fngo1stt0Lf,CONTAINS
